<?xml version="1.0" encoding="UTF-8"?>
<!DOCTYPE why3session PUBLIC "-//Why3//proof session v5//EN"
"http://why3.lri.fr/why3session.dtd">
<why3session shape_version="5">
<prover id="0" name="Z3" version="4.7.1" timelimit="600" steplimit="0" memlimit="4000"/>
<prover id="1" name="Alt-Ergo" version="2.2.0" timelimit="600" steplimit="0" memlimit="4000"/>
<file name="../mul.mlw" proved="true">
<theory name="Mul" proved="true">
 <goal name="mul_down_positive_finite" proved="true">
 <proof prover="0"><result status="timeout" time="600.00"/></proof>
 <proof prover="1"><result status="valid" time="0.15" steps="433"/></proof>
 <transf name="split_vc" proved="true" >
  <goal name="mul_down_positive_finite.0" proved="true">
  <proof prover="0"><result status="timeout" time="600.00"/></proof>
  <proof prover="1"><result status="valid" time="0.13" steps="166"/></proof>
  </goal>
  <goal name="mul_down_positive_finite.1" proved="true">
  <proof prover="0"><result status="timeout" time="600.00"/></proof>
  <proof prover="1"><result status="valid" time="0.13" steps="166"/></proof>
  </goal>
 </transf>
 </goal>
 <goal name="mul_up_negative_finite" proved="true">
 <proof prover="0"><result status="timeout" time="600.00"/></proof>
 <proof prover="1"><result status="valid" time="0.12" steps="433"/></proof>
 <transf name="split_vc" proved="true" >
  <goal name="mul_up_negative_finite.0" proved="true">
  <proof prover="0"><result status="timeout" time="600.00"/></proof>
  <proof prover="1"><result status="valid" time="0.13" steps="166"/></proof>
  </goal>
  <goal name="mul_up_negative_finite.1" proved="true">
  <proof prover="0"><result status="timeout" time="600.00"/></proof>
  <proof prover="1"><result status="valid" time="0.13" steps="166"/></proof>
  </goal>
 </transf>
 </goal>
 <goal name="VC mul" expl="VC for mul" proved="true">
 <proof prover="0"><result status="timeout" time="600.00"/></proof>
 <proof prover="1"><result status="valid" time="140.93" steps="288705"/></proof>
 <transf name="split_vc" proved="true" >
  <goal name="VC mul.0" expl="postcondition" proved="true">
  <proof prover="0"><result status="timeout" time="600.00"/></proof>
  <proof prover="1"><result status="valid" time="181.03" steps="74215"/></proof>
  <transf name="split_vc" proved="true" >
   <goal name="VC mul.0.0" expl="postcondition" proved="true">
   <proof prover="0"><result status="valid" time="0.03"/></proof>
   <proof prover="1"><result status="valid" time="0.05" steps="168"/></proof>
   </goal>
   <goal name="VC mul.0.1" expl="postcondition" proved="true">
   <proof prover="0"><result status="valid" time="0.04"/></proof>
   <proof prover="1"><result status="valid" time="0.04" steps="172"/></proof>
   </goal>
   <goal name="VC mul.0.2" expl="postcondition" proved="true">
   <proof prover="0"><result status="timeout" time="600.00"/></proof>
   <proof prover="1"><result status="valid" time="118.41" steps="37554"/></proof>
   </goal>
   <goal name="VC mul.0.3" expl="postcondition" proved="true">
   <proof prover="0"><result status="timeout" time="600.00"/></proof>
   <proof prover="1"><result status="valid" time="9.22" steps="17653"/></proof>
   </goal>
   <goal name="VC mul.0.4" expl="postcondition" proved="true">
   <proof prover="0"><result status="timeout" time="600.00"/></proof>
   <proof prover="1"><result status="valid" time="1.89" steps="9245"/></proof>
   </goal>
   <goal name="VC mul.0.5" expl="postcondition" proved="true">
   <proof prover="0"><result status="valid" time="0.02"/></proof>
   <proof prover="1"><result status="valid" time="0.05" steps="172"/></proof>
   </goal>
   <goal name="VC mul.0.6" expl="postcondition" proved="true">
   <proof prover="0"><result status="timeout" time="600.00"/></proof>
   <proof prover="1"><result status="valid" time="2.52" steps="9759"/></proof>
   </goal>
   <goal name="VC mul.0.7" expl="postcondition" proved="true">
   <proof prover="0"><result status="timeout" time="600.00"/></proof>
   <proof prover="1"><result status="valid" time="11.40" steps="21143"/></proof>
   </goal>
   <goal name="VC mul.0.8" expl="postcondition" proved="true">
   <proof prover="0"><result status="timeout" time="600.00"/></proof>
   <proof prover="1"><result status="valid" time="8.40" steps="18647"/></proof>
   </goal>
   <goal name="VC mul.0.9" expl="postcondition" proved="true">
   <proof prover="0"><result status="valid" time="0.03"/></proof>
   <proof prover="1"><result status="valid" time="0.06" steps="172"/></proof>
   </goal>
   <goal name="VC mul.0.10" expl="postcondition" proved="true">
   <proof prover="0"><result status="timeout" time="600.00"/></proof>
   <proof prover="1"><result status="valid" time="1.90" steps="9595"/></proof>
   </goal>
   <goal name="VC mul.0.11" expl="postcondition" proved="true">
   <proof prover="0"><result status="timeout" time="600.00"/></proof>
   <proof prover="1"><result status="valid" time="1.43" steps="7062"/></proof>
   </goal>
   <goal name="VC mul.0.12" expl="postcondition" proved="true">
   <proof prover="0"><result status="timeout" time="600.00"/></proof>
   <proof prover="1"><result status="valid" time="13.29" steps="19629"/></proof>
   <transf name="split_vc" proved="true" >
    <goal name="VC mul.0.12.0" expl="postcondition" proved="true">
    <proof prover="0"><result status="timeout" time="600.00"/></proof>
    <proof prover="1"><result status="valid" time="16.96" steps="20182"/></proof>
    <transf name="split_vc" proved="true" >
     <goal name="VC mul.0.12.0.0" expl="postcondition" proved="true">
     <proof prover="0"><result status="valid" time="6.46"/></proof>
     <proof prover="1"><result status="valid" time="0.63" steps="3258"/></proof>
     </goal>
     <goal name="VC mul.0.12.0.1" expl="postcondition" proved="true">
     <proof prover="0"><result status="timeout" time="600.00"/></proof>
     <proof prover="1"><result status="valid" time="5.89" steps="7277"/></proof>
     </goal>
    </transf>
    </goal>
    <goal name="VC mul.0.12.1" expl="postcondition" proved="true">
    <proof prover="0"><result status="timeout" time="600.00"/></proof>
    <proof prover="1"><result status="valid" time="14.76" steps="20847"/></proof>
    <transf name="split_vc" proved="true" >
     <goal name="VC mul.0.12.1.0" expl="postcondition" proved="true">
     <proof prover="0"><result status="timeout" time="600.00"/></proof>
     <proof prover="1"><result status="valid" time="1.98" steps="7253"/></proof>
     </goal>
     <goal name="VC mul.0.12.1.1" expl="postcondition" proved="true">
     <proof prover="0"><result status="timeout" time="600.00"/></proof>
     <proof prover="1"><result status="valid" time="11.67" steps="21460"/></proof>
     </goal>
    </transf>
    </goal>
   </transf>
   </goal>
  </transf>
  </goal>
  <goal name="VC mul.1" expl="postcondition" proved="true">
  <proof prover="0"><result status="timeout" time="600.00"/></proof>
  <proof prover="1"><result status="valid" time="5.71" steps="14386"/></proof>
  <transf name="split_vc" proved="true" >
   <goal name="VC mul.1.0" expl="postcondition" proved="true">
   <proof prover="0"><result status="timeout" time="600.00"/></proof>
   <proof prover="1"><result status="valid" time="0.58" steps="2915"/></proof>
   </goal>
   <goal name="VC mul.1.1" expl="postcondition" proved="true">
   <proof prover="0"><result status="timeout" time="600.00"/></proof>
   <proof prover="1"><result status="valid" time="0.50" steps="2990"/></proof>
   </goal>
   <goal name="VC mul.1.2" expl="postcondition" proved="true">
   <proof prover="0"><result status="timeout" time="600.00"/></proof>
   <proof prover="1"><result status="valid" time="1.07" steps="4703"/></proof>
   </goal>
   <goal name="VC mul.1.3" expl="postcondition" proved="true">
   <proof prover="0"><result status="timeout" time="600.00"/></proof>
   <proof prover="1"><result status="valid" time="1.11" steps="4181"/></proof>
   </goal>
   <goal name="VC mul.1.4" expl="postcondition" proved="true">
   <proof prover="0"><result status="timeout" time="600.00"/></proof>
   <proof prover="1"><result status="valid" time="0.91" steps="3888"/></proof>
   </goal>
   <goal name="VC mul.1.5" expl="postcondition" proved="true">
   <proof prover="0"><result status="timeout" time="600.00"/></proof>
   <proof prover="1"><result status="valid" time="0.50" steps="2909"/></proof>
   </goal>
   <goal name="VC mul.1.6" expl="postcondition" proved="true">
   <proof prover="0"><result status="timeout" time="600.00"/></proof>
   <proof prover="1"><result status="valid" time="0.98" steps="3579"/></proof>
   </goal>
   <goal name="VC mul.1.7" expl="postcondition" proved="true">
   <proof prover="0"><result status="timeout" time="600.00"/></proof>
   <proof prover="1"><result status="valid" time="0.98" steps="4524"/></proof>
   </goal>
   <goal name="VC mul.1.8" expl="postcondition" proved="true">
   <proof prover="0"><result status="timeout" time="600.00"/></proof>
   <proof prover="1"><result status="valid" time="0.87" steps="3494"/></proof>
   </goal>
   <goal name="VC mul.1.9" expl="postcondition" proved="true">
   <proof prover="0"><result status="timeout" time="600.00"/></proof>
   <proof prover="1"><result status="valid" time="0.51" steps="2757"/></proof>
   </goal>
   <goal name="VC mul.1.10" expl="postcondition" proved="true">
   <proof prover="0"><result status="timeout" time="600.00"/></proof>
   <proof prover="1"><result status="valid" time="0.90" steps="4198"/></proof>
   </goal>
   <goal name="VC mul.1.11" expl="postcondition" proved="true">
   <proof prover="0"><result status="timeout" time="600.00"/></proof>
   <proof prover="1"><result status="valid" time="0.89" steps="3590"/></proof>
   </goal>
   <goal name="VC mul.1.12" expl="postcondition" proved="true">
   <proof prover="0"><result status="timeout" time="600.00"/></proof>
   <proof prover="1"><result status="valid" time="2.19" steps="8882"/></proof>
   <transf name="split_vc" proved="true" >
    <goal name="VC mul.1.12.0" expl="postcondition" proved="true">
    <proof prover="0"><result status="timeout" time="600.00"/></proof>
    <proof prover="1"><result status="valid" time="1.60" steps="6071"/></proof>
    <transf name="split_vc" proved="true" >
     <goal name="VC mul.1.12.0.0" expl="postcondition" proved="true">
     <proof prover="0"><result status="timeout" time="600.00"/></proof>
     <proof prover="1"><result status="valid" time="1.28" steps="5238"/></proof>
     </goal>
     <goal name="VC mul.1.12.0.1" expl="postcondition" proved="true">
     <proof prover="0"><result status="timeout" time="600.00"/></proof>
     <proof prover="1"><result status="valid" time="1.35" steps="5838"/></proof>
     </goal>
    </transf>
    </goal>
    <goal name="VC mul.1.12.1" expl="postcondition" proved="true">
    <proof prover="0"><result status="timeout" time="600.00"/></proof>
    <proof prover="1"><result status="valid" time="1.77" steps="7412"/></proof>
    <transf name="split_vc" proved="true" >
     <goal name="VC mul.1.12.1.0" expl="postcondition" proved="true">
     <proof prover="0"><result status="timeout" time="600.00"/></proof>
     <proof prover="1"><result status="valid" time="1.54" steps="6107"/></proof>
     </goal>
     <goal name="VC mul.1.12.1.1" expl="postcondition" proved="true">
     <proof prover="0"><result status="timeout" time="600.00"/></proof>
     <proof prover="1"><result status="valid" time="1.38" steps="5512"/></proof>
     </goal>
    </transf>
    </goal>
   </transf>
   </goal>
  </transf>
  </goal>
  <goal name="VC mul.2" expl="postcondition" proved="true">
  <proof prover="0"><result status="valid" time="1.50"/></proof>
  <proof prover="1"><result status="valid" time="0.30" steps="1176"/></proof>
  <transf name="split_vc" proved="true" >
   <goal name="VC mul.2.0" expl="postcondition" proved="true">
   <proof prover="0"><result status="valid" time="1.32"/></proof>
   <proof prover="1"><result status="valid" time="0.42" steps="1528"/></proof>
   <transf name="split_vc" proved="true" >
    <goal name="VC mul.2.0.0" expl="postcondition" proved="true">
    <proof prover="0"><result status="valid" time="0.02"/></proof>
    <proof prover="1"><result status="valid" time="0.04" steps="172"/></proof>
    </goal>
    <goal name="VC mul.2.0.1" expl="postcondition" proved="true">
    <proof prover="0"><result status="valid" time="0.02"/></proof>
    <proof prover="1"><result status="valid" time="0.06" steps="176"/></proof>
    </goal>
    <goal name="VC mul.2.0.2" expl="postcondition" proved="true">
    <proof prover="0"><result status="valid" time="0.46"/></proof>
    <proof prover="1"><result status="valid" time="0.19" steps="546"/></proof>
    </goal>
    <goal name="VC mul.2.0.3" expl="postcondition" proved="true">
    <proof prover="0"><result status="valid" time="0.48"/></proof>
    <proof prover="1"><result status="valid" time="0.14" steps="545"/></proof>
    </goal>
    <goal name="VC mul.2.0.4" expl="postcondition" proved="true">
    <proof prover="0"><result status="valid" time="0.46"/></proof>
    <proof prover="1"><result status="valid" time="0.15" steps="533"/></proof>
    </goal>
    <goal name="VC mul.2.0.5" expl="postcondition" proved="true">
    <proof prover="0"><result status="valid" time="0.01"/></proof>
    <proof prover="1"><result status="valid" time="0.06" steps="176"/></proof>
    </goal>
    <goal name="VC mul.2.0.6" expl="postcondition" proved="true">
    <proof prover="0"><result status="valid" time="0.50"/></proof>
    <proof prover="1"><result status="valid" time="0.20" steps="545"/></proof>
    </goal>
    <goal name="VC mul.2.0.7" expl="postcondition" proved="true">
    <proof prover="0"><result status="valid" time="0.49"/></proof>
    <proof prover="1"><result status="valid" time="0.14" steps="543"/></proof>
    </goal>
    <goal name="VC mul.2.0.8" expl="postcondition" proved="true">
    <proof prover="0"><result status="valid" time="0.47"/></proof>
    <proof prover="1"><result status="valid" time="0.19" steps="533"/></proof>
    </goal>
    <goal name="VC mul.2.0.9" expl="postcondition" proved="true">
    <proof prover="0"><result status="valid" time="0.02"/></proof>
    <proof prover="1"><result status="valid" time="0.04" steps="176"/></proof>
    </goal>
    <goal name="VC mul.2.0.10" expl="postcondition" proved="true">
    <proof prover="0"><result status="valid" time="0.47"/></proof>
    <proof prover="1"><result status="valid" time="0.18" steps="533"/></proof>
    </goal>
    <goal name="VC mul.2.0.11" expl="postcondition" proved="true">
    <proof prover="0"><result status="valid" time="0.50"/></proof>
    <proof prover="1"><result status="valid" time="0.14" steps="532"/></proof>
    </goal>
    <goal name="VC mul.2.0.12" expl="postcondition" proved="true">
    <proof prover="0"><result status="valid" time="0.98"/></proof>
    <proof prover="1"><result status="valid" time="0.18" steps="548"/></proof>
    <transf name="split_vc" proved="true" >
     <goal name="VC mul.2.0.12.0" expl="postcondition" proved="true">
     <proof prover="0"><result status="valid" time="0.52"/></proof>
     <proof prover="1"><result status="valid" time="0.20" steps="544"/></proof>
     <transf name="split_vc" proved="true" >
      <goal name="VC mul.2.0.12.0.0" expl="postcondition" proved="true">
      <proof prover="0"><result status="valid" time="0.52"/></proof>
      <proof prover="1"><result status="valid" time="0.20" steps="548"/></proof>
      </goal>
      <goal name="VC mul.2.0.12.0.1" expl="postcondition" proved="true">
      <proof prover="0"><result status="valid" time="0.54"/></proof>
      <proof prover="1"><result status="valid" time="0.18" steps="545"/></proof>
      </goal>
     </transf>
     </goal>
     <goal name="VC mul.2.0.12.1" expl="postcondition" proved="true">
     <proof prover="0"><result status="valid" time="68.76"/></proof>
     <proof prover="1"><result status="valid" time="0.19" steps="542"/></proof>
     <transf name="split_vc" proved="true" >
      <goal name="VC mul.2.0.12.1.0" expl="postcondition" proved="true">
      <proof prover="0"><result status="valid" time="0.52"/></proof>
      <proof prover="1"><result status="valid" time="0.19" steps="546"/></proof>
      </goal>
      <goal name="VC mul.2.0.12.1.1" expl="postcondition" proved="true">
      <proof prover="0"><result status="valid" time="99.15"/></proof>
      <proof prover="1"><result status="valid" time="0.19" steps="543"/></proof>
      </goal>
     </transf>
     </goal>
    </transf>
    </goal>
   </transf>
   </goal>
   <goal name="VC mul.2.1" expl="postcondition" proved="true">
   <proof prover="0"><result status="valid" time="1.44"/></proof>
   <proof prover="1"><result status="valid" time="0.41" steps="1437"/></proof>
   <transf name="split_vc" proved="true" >
    <goal name="VC mul.2.1.0" expl="postcondition" proved="true">
    <proof prover="0"><result status="valid" time="0.03"/></proof>
    <proof prover="1"><result status="valid" time="0.05" steps="172"/></proof>
    </goal>
    <goal name="VC mul.2.1.1" expl="postcondition" proved="true">
    <proof prover="0"><result status="valid" time="0.03"/></proof>
    <proof prover="1"><result status="valid" time="0.04" steps="176"/></proof>
    </goal>
    <goal name="VC mul.2.1.2" expl="postcondition" proved="true">
    <proof prover="0"><result status="valid" time="0.48"/></proof>
    <proof prover="1"><result status="valid" time="0.18" steps="546"/></proof>
    </goal>
    <goal name="VC mul.2.1.3" expl="postcondition" proved="true">
    <proof prover="0"><result status="valid" time="0.52"/></proof>
    <proof prover="1"><result status="valid" time="0.20" steps="545"/></proof>
    </goal>
    <goal name="VC mul.2.1.4" expl="postcondition" proved="true">
    <proof prover="0"><result status="valid" time="0.46"/></proof>
    <proof prover="1"><result status="valid" time="0.20" steps="533"/></proof>
    </goal>
    <goal name="VC mul.2.1.5" expl="postcondition" proved="true">
    <proof prover="0"><result status="valid" time="0.02"/></proof>
    <proof prover="1"><result status="valid" time="0.06" steps="176"/></proof>
    </goal>
    <goal name="VC mul.2.1.6" expl="postcondition" proved="true">
    <proof prover="0"><result status="valid" time="0.53"/></proof>
    <proof prover="1"><result status="valid" time="0.20" steps="545"/></proof>
    </goal>
    <goal name="VC mul.2.1.7" expl="postcondition" proved="true">
    <proof prover="0"><result status="valid" time="0.51"/></proof>
    <proof prover="1"><result status="valid" time="0.19" steps="543"/></proof>
    </goal>
    <goal name="VC mul.2.1.8" expl="postcondition" proved="true">
    <proof prover="0"><result status="valid" time="0.52"/></proof>
    <proof prover="1"><result status="valid" time="0.20" steps="533"/></proof>
    </goal>
    <goal name="VC mul.2.1.9" expl="postcondition" proved="true">
    <proof prover="0"><result status="valid" time="0.04"/></proof>
    <proof prover="1"><result status="valid" time="0.04" steps="176"/></proof>
    </goal>
    <goal name="VC mul.2.1.10" expl="postcondition" proved="true">
    <proof prover="0"><result status="valid" time="0.54"/></proof>
    <proof prover="1"><result status="valid" time="0.22" steps="533"/></proof>
    </goal>
    <goal name="VC mul.2.1.11" expl="postcondition" proved="true">
    <proof prover="0"><result status="valid" time="0.46"/></proof>
    <proof prover="1"><result status="valid" time="0.19" steps="532"/></proof>
    </goal>
    <goal name="VC mul.2.1.12" expl="postcondition" proved="true">
    <proof prover="0"><result status="valid" time="1.04"/></proof>
    <proof prover="1"><result status="valid" time="0.18" steps="548"/></proof>
    <transf name="split_vc" proved="true" >
     <goal name="VC mul.2.1.12.0" expl="postcondition" proved="true">
     <proof prover="0"><result status="valid" time="0.48"/></proof>
     <proof prover="1"><result status="valid" time="0.18" steps="544"/></proof>
     <transf name="split_vc" proved="true" >
      <goal name="VC mul.2.1.12.0.0" expl="postcondition" proved="true">
      <proof prover="0"><result status="valid" time="0.51"/></proof>
      <proof prover="1"><result status="valid" time="0.19" steps="548"/></proof>
      </goal>
      <goal name="VC mul.2.1.12.0.1" expl="postcondition" proved="true">
      <proof prover="0"><result status="valid" time="0.56"/></proof>
      <proof prover="1"><result status="valid" time="0.19" steps="546"/></proof>
      </goal>
     </transf>
     </goal>
     <goal name="VC mul.2.1.12.1" expl="postcondition" proved="true">
     <proof prover="0"><result status="valid" time="27.64"/></proof>
     <proof prover="1"><result status="valid" time="0.20" steps="545"/></proof>
     <transf name="split_vc" proved="true" >
      <goal name="VC mul.2.1.12.1.0" expl="postcondition" proved="true">
      <proof prover="0"><result status="valid" time="0.51"/></proof>
      <proof prover="1"><result status="valid" time="0.19" steps="545"/></proof>
      </goal>
      <goal name="VC mul.2.1.12.1.1" expl="postcondition" proved="true">
      <proof prover="0"><result status="valid" time="93.29"/></proof>
      <proof prover="1"><result status="valid" time="0.20" steps="543"/></proof>
      </goal>
     </transf>
     </goal>
    </transf>
    </goal>
   </transf>
   </goal>
  </transf>
  </goal>
  <goal name="VC mul.3" expl="postcondition" proved="true">
  <proof prover="0"><result status="timeout" time="600.00"/></proof>
  <proof prover="1"><result status="valid" time="69.83" steps="98204"/></proof>
  <transf name="split_vc" proved="true" >
   <goal name="VC mul.3.0" expl="postcondition" proved="true">
   <proof prover="0"><result status="valid" time="17.13"/></proof>
   <proof prover="1"><result status="valid" time="1.98" steps="6182"/></proof>
   </goal>
   <goal name="VC mul.3.1" expl="postcondition" proved="true">
   <proof prover="0"><result status="valid" time="16.18"/></proof>
   <proof prover="1"><result status="valid" time="2.14" steps="6326"/></proof>
   </goal>
   <goal name="VC mul.3.2" expl="postcondition" proved="true">
   <proof prover="0"><result status="timeout" time="600.00"/></proof>
   <proof prover="1"><result status="valid" time="18.86" steps="50099"/></proof>
   </goal>
   <goal name="VC mul.3.3" expl="postcondition" proved="true">
   <proof prover="0"><result status="timeout" time="600.00"/></proof>
   <proof prover="1"><result status="valid" time="39.97" steps="28807"/></proof>
   </goal>
   <goal name="VC mul.3.4" expl="postcondition" proved="true">
   <proof prover="0"><result status="timeout" time="600.00"/></proof>
   <proof prover="1"><result status="valid" time="5.07" steps="15761"/></proof>
   </goal>
   <goal name="VC mul.3.5" expl="postcondition" proved="true">
   <proof prover="0"><result status="valid" time="8.45"/></proof>
   <proof prover="1"><result status="valid" time="1.36" steps="4870"/></proof>
   </goal>
   <goal name="VC mul.3.6" expl="postcondition" proved="true">
   <proof prover="0"><result status="timeout" time="600.00"/></proof>
   <proof prover="1"><result status="valid" time="14.50" steps="26619"/></proof>
   </goal>
   <goal name="VC mul.3.7" expl="postcondition" proved="true">
   <proof prover="0"><result status="timeout" time="600.00"/></proof>
   <proof prover="1"><result status="valid" time="27.45" steps="60967"/></proof>
   </goal>
   <goal name="VC mul.3.8" expl="postcondition" proved="true">
   <proof prover="0"><result status="timeout" time="600.00"/></proof>
   <proof prover="1"><result status="valid" time="4.14" steps="13801"/></proof>
   </goal>
   <goal name="VC mul.3.9" expl="postcondition" proved="true">
   <proof prover="0"><result status="valid" time="4.77"/></proof>
   <proof prover="1"><result status="valid" time="1.26" steps="4852"/></proof>
   </goal>
   <goal name="VC mul.3.10" expl="postcondition" proved="true">
   <proof prover="0"><result status="timeout" time="600.00"/></proof>
   <proof prover="1"><result status="valid" time="5.99" steps="16831"/></proof>
   </goal>
   <goal name="VC mul.3.11" expl="postcondition" proved="true">
   <proof prover="0"><result status="timeout" time="600.00"/></proof>
   <proof prover="1"><result status="valid" time="6.93" steps="17093"/></proof>
   </goal>
   <goal name="VC mul.3.12" expl="postcondition" proved="true">
   <proof prover="0"><result status="timeout" time="600.00"/></proof>
   <proof prover="1"><result status="valid" time="2.76" steps="7555"/></proof>
   <transf name="split_vc" proved="true" >
    <goal name="VC mul.3.12.0" expl="postcondition" proved="true">
    <proof prover="0"><result status="timeout" time="600.00"/></proof>
    <proof prover="1"><result status="valid" time="1.93" steps="6590"/></proof>
    <transf name="split_vc" proved="true" >
     <goal name="VC mul.3.12.0.0" expl="postcondition" proved="true">
     <proof prover="0"><result status="timeout" time="600.00"/></proof>
     <proof prover="1"><result status="valid" time="1.96" steps="6485"/></proof>
     </goal>
     <goal name="VC mul.3.12.0.1" expl="postcondition" proved="true">
     <proof prover="0"><result status="valid" time="285.81"/></proof>
     <proof prover="1"><result status="valid" time="2.03" steps="6885"/></proof>
     </goal>
    </transf>
    </goal>
    <goal name="VC mul.3.12.1" expl="postcondition" proved="true">
    <proof prover="0"><result status="timeout" time="600.00"/></proof>
    <proof prover="1"><result status="valid" time="1.92" steps="6999"/></proof>
    <transf name="split_vc" proved="true" >
     <goal name="VC mul.3.12.1.0" expl="postcondition" proved="true">
     <proof prover="0"><result status="valid" time="116.34"/></proof>
     <proof prover="1"><result status="valid" time="1.50" steps="5545"/></proof>
     </goal>
     <goal name="VC mul.3.12.1.1" expl="postcondition" proved="true">
     <proof prover="0"><result status="timeout" time="600.00"/></proof>
     <proof prover="1"><result status="valid" time="2.41" steps="8376"/></proof>
     </goal>
    </transf>
    </goal>
   </transf>
   </goal>
  </transf>
  </goal>
  <goal name="VC mul.4" expl="postcondition" proved="true">
  <proof prover="0"><result status="timeout" time="600.00"/></proof>
  <proof prover="1"><result status="valid" time="159.42" steps="174758"/></proof>
  <transf name="split_vc" proved="true" >
   <goal name="VC mul.4.0" expl="postcondition" proved="true">
   <proof prover="0"><result status="valid" time="4.20"/></proof>
   <proof prover="1"><result status="valid" time="3.01" steps="8031"/></proof>
   </goal>
   <goal name="VC mul.4.1" expl="postcondition" proved="true">
   <proof prover="0"><result status="valid" time="5.38"/></proof>
   <proof prover="1"><result status="valid" time="3.26" steps="6389"/></proof>
   </goal>
   <goal name="VC mul.4.2" expl="postcondition" proved="true">
   <proof prover="0"><result status="timeout" time="600.00"/></proof>
   <proof prover="1"><result status="valid" time="24.75" steps="20354"/></proof>
   </goal>
   <goal name="VC mul.4.3" expl="postcondition" proved="true">
   <proof prover="0"><result status="timeout" time="600.00"/></proof>
   <proof prover="1"><result status="valid" time="31.77" steps="73774"/></proof>
   </goal>
   <goal name="VC mul.4.4" expl="postcondition" proved="true">
   <proof prover="0"><result status="timeout" time="600.00"/></proof>
   <proof prover="1"><result status="valid" time="10.72" steps="27289"/></proof>
   </goal>
   <goal name="VC mul.4.5" expl="postcondition" proved="true">
   <proof prover="0"><result status="valid" time="4.78"/></proof>
   <proof prover="1"><result status="valid" time="3.53" steps="7511"/></proof>
   </goal>
   <goal name="VC mul.4.6" expl="postcondition" proved="true">
   <proof prover="0"><result status="timeout" time="600.00"/></proof>
   <proof prover="1"><result status="valid" time="25.43" steps="62235"/></proof>
   </goal>
   <goal name="VC mul.4.7" expl="postcondition" proved="true">
   <proof prover="0"><result status="timeout" time="600.00"/></proof>
   <proof prover="1"><result status="valid" time="30.06" steps="37098"/></proof>
   </goal>
   <goal name="VC mul.4.8" expl="postcondition" proved="true">
   <proof prover="0"><result status="timeout" time="600.00"/></proof>
   <proof prover="1"><result status="valid" time="8.67" steps="25029"/></proof>
   </goal>
   <goal name="VC mul.4.9" expl="postcondition" proved="true">
   <proof prover="0"><result status="valid" time="7.20"/></proof>
   <proof prover="1"><result status="valid" time="2.04" steps="5497"/></proof>
   </goal>
   <goal name="VC mul.4.10" expl="postcondition" proved="true">
   <proof prover="0"><result status="timeout" time="600.00"/></proof>
   <proof prover="1"><result status="valid" time="22.66" steps="46313"/></proof>
   </goal>
   <goal name="VC mul.4.11" expl="postcondition" proved="true">
   <proof prover="0"><result status="timeout" time="600.00"/></proof>
   <proof prover="1"><result status="valid" time="7.99" steps="18389"/></proof>
   </goal>
   <goal name="VC mul.4.12" expl="postcondition" proved="true">
   <proof prover="0"><result status="timeout" time="600.00"/></proof>
   <proof prover="1"><result status="valid" time="3.95" steps="12965"/></proof>
   <transf name="split_vc" proved="true" >
    <goal name="VC mul.4.12.0" expl="postcondition" proved="true">
    <proof prover="0"><result status="timeout" time="600.00"/></proof>
    <proof prover="1"><result status="valid" time="2.08" steps="9282"/></proof>
    <transf name="split_vc" proved="true" >
     <goal name="VC mul.4.12.0.0" expl="postcondition" proved="true">
     <proof prover="0"><result status="valid" time="48.06"/></proof>
     <proof prover="1"><result status="valid" time="2.28" steps="8525"/></proof>
     </goal>
     <goal name="VC mul.4.12.0.1" expl="postcondition" proved="true">
     <proof prover="0"><result status="timeout" time="600.00"/></proof>
     <proof prover="1"><result status="valid" time="1.82" steps="7656"/></proof>
     </goal>
    </transf>
    </goal>
    <goal name="VC mul.4.12.1" expl="postcondition" proved="true">
    <proof prover="0"><result status="timeout" time="600.00"/></proof>
    <proof prover="1"><result status="valid" time="3.53" steps="14606"/></proof>
    <transf name="split_vc" proved="true" >
     <goal name="VC mul.4.12.1.0" expl="postcondition" proved="true">
     <proof prover="0"><result status="valid" time="17.20"/></proof>
     <proof prover="1"><result status="valid" time="2.13" steps="9433"/></proof>
     </goal>
     <goal name="VC mul.4.12.1.1" expl="postcondition" proved="true">
     <proof prover="0"><result status="timeout" time="600.00"/></proof>
     <proof prover="1"><result status="valid" time="1.63" steps="7820"/></proof>
     </goal>
    </transf>
    </goal>
   </transf>
   </goal>
  </transf>
  </goal>
 </transf>
 </goal>
</theory>
</file>
</why3session>
