<?xml version="1.0" encoding="UTF-8"?>
<!DOCTYPE why3session PUBLIC "-//Why3//proof session v5//EN"
"http://why3.lri.fr/why3session.dtd">
<why3session shape_version="5">
<prover id="0" name="Z3" version="4.7.1" timelimit="600" steplimit="0" memlimit="4000"/>
<prover id="1" name="Alt-Ergo" version="2.2.0" timelimit="600" steplimit="0" memlimit="4000"/>
<file name="../add.mlw" proved="true">
<theory name="Add" proved="true">
 <goal name="add_down_positive_finite" proved="true">
 <proof prover="0"><result status="timeout" time="600.00"/></proof>
 <proof prover="1"><result status="valid" time="0.14" steps="434"/></proof>
 <transf name="split_vc" proved="true" >
  <goal name="add_down_positive_finite.0" proved="true">
  <proof prover="0" obsolete="true"><result status="timeout" time="600.00"/></proof>
  <proof prover="1"><result status="valid" time="0.13" steps="168"/></proof>
  </goal>
  <goal name="add_down_positive_finite.1" proved="true">
  <proof prover="0" obsolete="true"><result status="timeout" time="600.00"/></proof>
  <proof prover="1"><result status="valid" time="0.12" steps="168"/></proof>
  </goal>
 </transf>
 </goal>
 <goal name="add_up_negative_finite" proved="true">
 <proof prover="0"><result status="timeout" time="600.00"/></proof>
 <proof prover="1"><result status="valid" time="0.14" steps="434"/></proof>
 <transf name="split_vc" proved="true" >
  <goal name="add_up_negative_finite.0" proved="true">
  <proof prover="0" obsolete="true"><result status="timeout" time="600.00"/></proof>
  <proof prover="1"><result status="valid" time="0.13" steps="168"/></proof>
  </goal>
  <goal name="add_up_negative_finite.1" proved="true">
  <proof prover="0" obsolete="true"><result status="timeout" time="600.00"/></proof>
  <proof prover="1"><result status="valid" time="0.13" steps="168"/></proof>
  </goal>
 </transf>
 </goal>
 <goal name="VC add" expl="VC for add" proved="true">
 <proof prover="0"><result status="timeout" time="600.00"/></proof>
 <proof prover="1"><result status="valid" time="44.99" steps="105147"/></proof>
 <transf name="split_vc" proved="true" >
  <goal name="VC add.0" expl="postcondition" proved="true">
  <proof prover="0" obsolete="true"><result status="timeout" time="600.00"/></proof>
  <proof prover="1"><result status="valid" time="3.32" steps="18778"/></proof>
  </goal>
  <goal name="VC add.1" expl="postcondition" proved="true">
  <proof prover="0"><result status="valid" time="0.46"/></proof>
  <proof prover="1"><result status="valid" time="0.20" steps="772"/></proof>
  </goal>
  <goal name="VC add.2" expl="postcondition" proved="true">
  <proof prover="0" obsolete="true"><result status="timeout" time="600.00"/></proof>
  <proof prover="1"><result status="valid" time="6.71" steps="34138"/></proof>
  </goal>
  <goal name="VC add.3" expl="postcondition" proved="true">
  <proof prover="0" obsolete="true"><result status="timeout" time="600.00"/></proof>
  <proof prover="1"><result status="valid" time="22.82" steps="75325"/></proof>
  </goal>
 </transf>
 </goal>
</theory>
</file>
</why3session>
