<?xml version="1.0" encoding="UTF-8"?>
<!DOCTYPE why3session PUBLIC "-//Why3//proof session v5//EN"
"http://why3.lri.fr/why3session.dtd">
<why3session shape_version="5">
<prover id="0" name="Z3" version="4.7.1" timelimit="600" steplimit="0" memlimit="4000"/>
<prover id="1" name="Alt-Ergo" version="2.2.0" timelimit="600" steplimit="0" memlimit="4000"/>
<file name="../interval.mlw" proved="true">
<theory name="Float64Ex" proved="true">
 <goal name="max_float_le" proved="true">
 <proof prover="0"><result status="timeout" time="600.00"/></proof>
 <proof prover="1"><result status="valid" time="0.12" steps="160"/></proof>
 </goal>
 <goal name="max_float_in_range" proved="true">
 <proof prover="0"><result status="valid" time="0.03"/></proof>
 <proof prover="1"><result status="valid" time="0.08" steps="158"/></proof>
 </goal>
 <goal name="add_up_finite" proved="true">
 <proof prover="0"><result status="valid" time="0.08"/></proof>
 <proof prover="1"><result status="valid" time="0.08" steps="161"/></proof>
 </goal>
 <goal name="add_down_finite" proved="true">
 <proof prover="0"><result status="valid" time="0.09"/></proof>
 <proof prover="1"><result status="valid" time="0.08" steps="161"/></proof>
 </goal>
 <goal name="add_up_value" proved="true">
 <proof prover="0"><result status="timeout" time="600.00"/></proof>
 <proof prover="1"><result status="valid" time="0.53" steps="2762"/></proof>
 </goal>
 <goal name="add_down_value" proved="true">
 <proof prover="0"><result status="timeout" time="600.00"/></proof>
 <proof prover="1"><result status="valid" time="0.62" steps="3357"/></proof>
 </goal>
 <goal name="sub_up_finite" proved="true">
 <proof prover="0"><result status="valid" time="0.12"/></proof>
 <proof prover="1"><result status="valid" time="0.08" steps="161"/></proof>
 </goal>
 <goal name="sub_down_finite" proved="true">
 <proof prover="0"><result status="valid" time="0.14"/></proof>
 <proof prover="1"><result status="valid" time="0.08" steps="161"/></proof>
 </goal>
 <goal name="sub_up_value" proved="true">
 <proof prover="0"><result status="valid" time="0.16"/></proof>
 <proof prover="1"><result status="valid" time="0.50" steps="2766"/></proof>
 </goal>
 <goal name="sub_down_value" proved="true">
 <proof prover="0"><result status="valid" time="0.18"/></proof>
 <proof prover="1"><result status="valid" time="0.60" steps="3363"/></proof>
 </goal>
 <goal name="mul_up_finite" proved="true">
 <proof prover="0"><result status="valid" time="0.18"/></proof>
 <proof prover="1"><result status="valid" time="0.06" steps="161"/></proof>
 </goal>
 <goal name="mul_down_finite" proved="true">
 <proof prover="0"><result status="valid" time="0.16"/></proof>
 <proof prover="1"><result status="valid" time="0.06" steps="161"/></proof>
 </goal>
 <goal name="mul_up_value" proved="true">
 <proof prover="0"><result status="timeout" time="600.00"/></proof>
 <proof prover="1"><result status="valid" time="2.42" steps="8869"/></proof>
 </goal>
 <goal name="mul_down_value" proved="true">
 <proof prover="0"><result status="timeout" time="600.00"/></proof>
 <proof prover="1"><result status="valid" time="0.52" steps="2471"/></proof>
 </goal>
 <goal name="div_up_finite" proved="true">
 <proof prover="0"><result status="valid" time="0.85"/></proof>
 <proof prover="1"><result status="valid" time="0.06" steps="163"/></proof>
 </goal>
 <goal name="div_down_finite" proved="true">
 <proof prover="0"><result status="valid" time="0.80"/></proof>
 <proof prover="1"><result status="valid" time="0.06" steps="163"/></proof>
 </goal>
 <goal name="div_up_value" proved="true">
 <proof prover="0"><result status="timeout" time="600.00"/></proof>
 <proof prover="1"><result status="valid" time="2.80" steps="10650"/></proof>
 </goal>
 <goal name="div_down_value" proved="true">
 <proof prover="0"><result status="timeout" time="600.00"/></proof>
 <proof prover="1"><result status="valid" time="3.99" steps="13068"/></proof>
 </goal>
 <goal name="min4_feq_w" proved="true">
 <proof prover="0"><result status="valid" time="0.63"/></proof>
 <proof prover="1"><result status="valid" time="2.01" steps="9855"/></proof>
 </goal>
 <goal name="min4_feq_x" proved="true">
 <proof prover="0"><result status="valid" time="1.01"/></proof>
 <proof prover="1"><result status="valid" time="1.95" steps="9180"/></proof>
 </goal>
 <goal name="min4_feq_y" proved="true">
 <proof prover="0"><result status="valid" time="0.70"/></proof>
 <proof prover="1"><result status="valid" time="2.40" steps="11458"/></proof>
 </goal>
 <goal name="min4_feq_z" proved="true">
 <proof prover="0"><result status="valid" time="0.76"/></proof>
 <proof prover="1"><result status="valid" time="2.07" steps="10213"/></proof>
 </goal>
 <goal name="max4_feq_w" proved="true">
 <proof prover="0"><result status="valid" time="1.00"/></proof>
 <proof prover="1"><result status="valid" time="2.03" steps="9717"/></proof>
 </goal>
 <goal name="max4_feq_x" proved="true">
 <proof prover="0"><result status="valid" time="0.79"/></proof>
 <proof prover="1"><result status="valid" time="2.04" steps="9670"/></proof>
 </goal>
 <goal name="max4_feq_y" proved="true">
 <proof prover="0"><result status="valid" time="1.45"/></proof>
 <proof prover="1"><result status="valid" time="1.98" steps="9666"/></proof>
 </goal>
 <goal name="max4_feq_z" proved="true">
 <proof prover="0"><result status="valid" time="0.96"/></proof>
 <proof prover="1"><result status="valid" time="2.04" steps="9672"/></proof>
 </goal>
</theory>
<theory name="Interval" proved="true">
 <goal name="valid_not_nan" proved="true">
 <proof prover="0"><result status="valid" time="0.05"/></proof>
 <proof prover="1"><result status="valid" time="0.17" steps="663"/></proof>
 <transf name="split_vc" proved="true" >
  <goal name="valid_not_nan.0" proved="true">
  <proof prover="0"><result status="valid" time="0.06"/></proof>
  <proof prover="1"><result status="valid" time="0.15" steps="453"/></proof>
  </goal>
  <goal name="valid_not_nan.1" proved="true">
  <proof prover="0"><result status="valid" time="0.06"/></proof>
  <proof prover="1"><result status="valid" time="0.15" steps="453"/></proof>
  </goal>
 </transf>
 </goal>
 <goal name="zeroI_valid" proved="true">
 <proof prover="0"><result status="valid" time="0.03"/></proof>
 <proof prover="1"><result status="valid" time="0.17" steps="612"/></proof>
 </goal>
 <goal name="zeroR_in_zeroI" proved="true">
 <proof prover="0"><result status="valid" time="0.03"/></proof>
 <proof prover="1"><result status="valid" time="0.12" steps="446"/></proof>
 </goal>
</theory>
</file>
</why3session>
