<?xml version="1.0" encoding="UTF-8"?>
<!DOCTYPE why3session PUBLIC "-//Why3//proof session v5//EN"
"http://why3.lri.fr/why3session.dtd">
<why3session shape_version="5">
<prover id="0" name="Alt-Ergo" version="2.2.0" timelimit="600" steplimit="0" memlimit="4000"/>
<file name="../interval.mlw">
<theory name="DoubleFull">
 <goal name="Bounded_real_no_overflow">
 </goal>
</theory>
<theory name="DoubleFullEx" proved="true">
 <goal name="not_ge_zero_lt_zero" proved="true">
 <proof prover="0"><result status="valid" time="0.02" steps="16"/></proof>
 </goal>
 <goal name="not_le_zero_gt_zero" proved="true">
 <proof prover="0"><result status="valid" time="0.02" steps="16"/></proof>
 </goal>
 <goal name="ge_zero_not_zero_gt_zero" proved="true">
 <proof prover="0"><result status="valid" time="0.06" steps="445"/></proof>
 </goal>
 <goal name="mul_up_finite" proved="true">
 <proof prover="0"><result status="valid" time="0.05" steps="184"/></proof>
 </goal>
 <goal name="mul_down_finite" proved="true">
 <proof prover="0"><result status="valid" time="0.05" steps="184"/></proof>
 </goal>
 <goal name="mul_up_value" proved="true">
 <proof prover="0"><result status="valid" time="0.21" steps="1405"/></proof>
 </goal>
 <goal name="mul_down_value" proved="true">
 <proof prover="0"><result status="valid" time="0.15" steps="760"/></proof>
 </goal>
 <goal name="min4_feq_w" proved="true">
 <proof prover="0"><result status="valid" time="2.15" steps="24488"/></proof>
 </goal>
 <goal name="min4_feq_x" proved="true">
 <proof prover="0"><result status="valid" time="1.50" steps="15737"/></proof>
 </goal>
 <goal name="min4_feq_y" proved="true">
 <proof prover="0"><result status="valid" time="1.30" steps="13007"/></proof>
 </goal>
 <goal name="min4_feq_z" proved="true">
 <proof prover="0"><result status="valid" time="1.08" steps="10918"/></proof>
 </goal>
 <goal name="max4_feq_w" proved="true">
 <proof prover="0"><result status="valid" time="1.45" steps="17311"/></proof>
 </goal>
 <goal name="max4_feq_x" proved="true">
 <proof prover="0"><result status="valid" time="1.33" steps="12969"/></proof>
 </goal>
 <goal name="max4_feq_y" proved="true">
 <proof prover="0"><result status="valid" time="0.81" steps="8760"/></proof>
 </goal>
 <goal name="max4_feq_z" proved="true">
 <proof prover="0"><result status="valid" time="0.63" steps="6896"/></proof>
 </goal>
</theory>
<theory name="Interval" proved="true">
 <goal name="valid_not_nan" proved="true">
 <proof prover="0"><result status="valid" time="0.03" steps="90"/></proof>
 </goal>
 <goal name="zeroI_valid" proved="true">
 <proof prover="0"><result status="valid" time="0.03" steps="61"/></proof>
 </goal>
 <goal name="zeroI_zeroR_in" proved="true">
 <proof prover="0"><result status="valid" time="0.03" steps="43"/></proof>
 </goal>
</theory>
</file>
</why3session>
