<?xml version="1.0" encoding="UTF-8"?>
<!DOCTYPE why3session PUBLIC "-//Why3//proof session v5//EN"
"http://why3.lri.fr/why3session.dtd">
<why3session shape_version="5">
<prover id="0" name="Alt-Ergo" version="2.2.0" timelimit="3600" steplimit="0" memlimit="4000"/>
<file name="../add.mlw" proved="true">
<theory name="Add" proved="true">
 <goal name="add_down_positive_finite" proved="true">
 <proof prover="0"><result status="valid" time="0.10" steps="508"/></proof>
 </goal>
 <goal name="add_up_negative_finite" proved="true">
 <proof prover="0"><result status="valid" time="0.10" steps="501"/></proof>
 </goal>
 <goal name="VC add" expl="VC for add" proved="true">
 <transf name="split_vc" proved="true" >
  <goal name="VC add.0" expl="assertion" proved="true">
  <proof prover="0"><result status="valid" time="3.92" steps="17635"/></proof>
  </goal>
  <goal name="VC add.1" expl="assertion" proved="true">
  <proof prover="0"><result status="valid" time="1.54" steps="9367"/></proof>
  </goal>
  <goal name="VC add.2" expl="assertion" proved="true">
  <proof prover="0"><result status="valid" time="2.66" steps="18628"/></proof>
  </goal>
  <goal name="VC add.3" expl="assertion" proved="true">
  <proof prover="0"><result status="valid" time="2.72" steps="17957"/></proof>
  </goal>
  <goal name="VC add.4" expl="postcondition" proved="true">
  <proof prover="0"><result status="valid" time="0.94" steps="6013"/></proof>
  </goal>
  <goal name="VC add.5" expl="postcondition" proved="true">
  <proof prover="0"><result status="valid" time="0.82" steps="4577"/></proof>
  </goal>
  <goal name="VC add.6" expl="postcondition" proved="true">
  <proof prover="0"><result status="valid" time="14.11" steps="68012"/></proof>
  </goal>
  <goal name="VC add.7" expl="postcondition" proved="true">
  <proof prover="0"><result status="valid" time="16.15" steps="112498"/></proof>
  </goal>
 </transf>
 </goal>
</theory>
</file>
</why3session>
