<?xml version="1.0" encoding="UTF-8"?>
<!DOCTYPE why3session PUBLIC "-//Why3//proof session v5//EN"
"http://why3.lri.fr/why3session.dtd">
<why3session shape_version="5">
<prover id="0" name="Alt-Ergo" version="2.2.0" timelimit="600" steplimit="0" memlimit="4000"/>
<prover id="1" name="Coq" version="8.8.0" timelimit="0" steplimit="0" memlimit="0"/>
<file name="../rineq.mlw" proved="true">
<theory name="RmultLeCompat" proved="true">
 <goal name="Rmult_le_compat_pos_pos" proved="true">
 <proof prover="1" edited="rineq_RmultLeCompat_Rmult_le_compat_pos_pos_1.v"><result status="valid" time="0.36"/></proof>
 </goal>
 <goal name="Rmult_le_compat_pos_neg" proved="true">
 <proof prover="1" edited="rineq_RmultLeCompat_Rmult_le_compat_pos_neg_1.v"><result status="valid" time="0.34"/></proof>
 </goal>
 <goal name="Rmult_le_compat_neg_pos" proved="true">
 <proof prover="1" edited="rineq_RmultLeCompat_Rmult_le_compat_neg_pos_1.v"><result status="valid" time="0.36"/></proof>
 </goal>
 <goal name="Rmult_le_compat_neg_neg" proved="true">
 <proof prover="1" edited="rineq_RmultLeCompat_Rmult_le_compat_neg_neg_1.v"><result status="valid" time="0.34"/></proof>
 </goal>
</theory>
<theory name="Rinv" proved="true">
 <goal name="Rinv_mul_div" proved="true">
 <proof prover="1" edited="rineq_Rinv_Rinv_mul_div_1.v"><result status="valid" time="0.39"/></proof>
 </goal>
 <goal name="Rle_inv_le_plus" proved="true">
 <proof prover="1" edited="rineq_Rinv_Rle_inv_le_plus_1.v"><result status="valid" time="0.36"/></proof>
 </goal>
 <goal name="Rle_inv_le_minus" proved="true">
 <proof prover="1" edited="rineq_Rinv_Rle_inv_le_minus_1.v"><result status="valid" time="0.61"/></proof>
 </goal>
</theory>
<theory name="RdivLeCompat" proved="true">
 <goal name="Rdiv_le_compat_pos_pos" proved="true">
 <proof prover="0"><result status="valid" time="0.01" steps="14"/></proof>
 </goal>
 <goal name="Rdiv_le_compat_pos_neg" proved="true">
 <proof prover="0"><result status="valid" time="0.01" steps="16"/></proof>
 </goal>
 <goal name="Rdiv_le_compat_neg_pos" proved="true">
 <proof prover="0"><result status="valid" time="0.02" steps="19"/></proof>
 </goal>
 <goal name="Rdiv_le_compat_neg_neg" proved="true">
 <proof prover="0"><result status="valid" time="0.01" steps="20"/></proof>
 </goal>
</theory>
</file>
</why3session>
