<?xml version="1.0" encoding="UTF-8"?>
<!DOCTYPE why3session PUBLIC "-//Why3//proof session v5//EN"
"http://why3.lri.fr/why3session.dtd">
<why3session shape_version="5">
<prover id="0" name="Alt-Ergo" version="2.2.0" timelimit="3600" steplimit="0" memlimit="4000"/>
<file name="../sub.mlw" proved="true">
<theory name="Sub" proved="true">
 <goal name="sub_down_positive_finite" proved="true">
 <proof prover="0"><result status="valid" time="0.10" steps="499"/></proof>
 </goal>
 <goal name="sub_up_negative_finite" proved="true">
 <proof prover="0"><result status="valid" time="0.10" steps="506"/></proof>
 </goal>
 <goal name="VC sub" expl="VC for sub" proved="true">
 <transf name="split_vc" proved="true" >
  <goal name="VC sub.0" expl="assertion" proved="true">
  <proof prover="0"><result status="valid" time="2.74" steps="17522"/></proof>
  </goal>
  <goal name="VC sub.1" expl="assertion" proved="true">
  <proof prover="0"><result status="valid" time="2.78" steps="16593"/></proof>
  </goal>
  <goal name="VC sub.2" expl="assertion" proved="true">
  <proof prover="0"><result status="valid" time="1.36" steps="10373"/></proof>
  </goal>
  <goal name="VC sub.3" expl="assertion" proved="true">
  <proof prover="0"><result status="valid" time="3.32" steps="22289"/></proof>
  </goal>
  <goal name="VC sub.4" expl="postcondition" proved="true">
  <proof prover="0"><result status="valid" time="1.94" steps="13369"/></proof>
  </goal>
  <goal name="VC sub.5" expl="postcondition" proved="true">
  <proof prover="0"><result status="valid" time="0.74" steps="4465"/></proof>
  </goal>
  <goal name="VC sub.6" expl="postcondition" proved="true">
  <proof prover="0"><result status="valid" time="9.13" steps="63731"/></proof>
  </goal>
  <goal name="VC sub.7" expl="postcondition" proved="true">
  <proof prover="0"><result status="valid" time="21.49" steps="149510"/></proof>
  </goal>
 </transf>
 </goal>
</theory>
</file>
</why3session>
