<?xml version="1.0" encoding="UTF-8"?>
<!DOCTYPE why3session PUBLIC "-//Why3//proof session v5//EN"
"http://why3.lri.fr/why3session.dtd">
<why3session shape_version="5">
<prover id="0" name="Z3" version="4.7.1" timelimit="600" steplimit="0" memlimit="4000"/>
<prover id="1" name="Alt-Ergo" version="2.2.0" timelimit="600" steplimit="0" memlimit="4000"/>
<file name="../div.mlw" proved="true">
<theory name="Div" proved="true">
 <goal name="div_down_positive_finite" proved="true">
 <proof prover="1"><result status="valid" time="0.33" steps="859"/></proof>
 <transf name="split_vc" proved="true" >
  <goal name="div_down_positive_finite.0" proved="true">
  <proof prover="0"><result status="timeout" time="600.00"/></proof>
  <proof prover="1"><result status="valid" time="0.14" steps="170"/></proof>
  </goal>
  <goal name="div_down_positive_finite.1" proved="true">
  <proof prover="0"><result status="timeout" time="600.00"/></proof>
  <proof prover="1"><result status="valid" time="0.30" steps="793"/></proof>
  </goal>
 </transf>
 </goal>
 <goal name="div_up_negative_finite" proved="true">
 <proof prover="1"><result status="valid" time="0.33" steps="857"/></proof>
 <transf name="split_vc" proved="true" >
  <goal name="div_up_negative_finite.0" proved="true">
  <proof prover="0"><result status="timeout" time="600.00"/></proof>
  <proof prover="1"><result status="valid" time="0.15" steps="170"/></proof>
  </goal>
  <goal name="div_up_negative_finite.1" proved="true">
  <proof prover="0"><result status="timeout" time="600.00"/></proof>
  <proof prover="1"><result status="valid" time="0.32" steps="790"/></proof>
  </goal>
 </transf>
 </goal>
 <goal name="VC div" expl="VC for div" proved="true">
 <proof prover="1"><result status="timeout" time="600.00"/></proof>
 <transf name="split_vc" proved="true" >
  <goal name="VC div.0" expl="postcondition" proved="true">
  <proof prover="1"><result status="valid" time="21.59" steps="22676"/></proof>
  <transf name="split_vc" proved="true" >
   <goal name="VC div.0.0" expl="postcondition" proved="true">
   <proof prover="0"><result status="timeout" time="600.00"/></proof>
   <proof prover="1"><result status="valid" time="11.64" steps="20691"/></proof>
   </goal>
   <goal name="VC div.0.1" expl="postcondition" proved="true">
   <proof prover="0"><result status="timeout" time="600.00"/></proof>
   <proof prover="1"><result status="valid" time="1.94" steps="6843"/></proof>
   </goal>
   <goal name="VC div.0.2" expl="postcondition" proved="true">
   <proof prover="0"><result status="valid" time="297.03"/></proof>
   <proof prover="1"><result status="valid" time="6.24" steps="10773"/></proof>
   </goal>
  </transf>
  </goal>
  <goal name="VC div.1" expl="postcondition" proved="true">
  <proof prover="1"><result status="valid" time="2.64" steps="5711"/></proof>
  <transf name="split_vc" proved="true" >
   <goal name="VC div.1.0" expl="postcondition" proved="true">
   <proof prover="0"><result status="timeout" time="600.00"/></proof>
   <proof prover="1"><result status="valid" time="1.62" steps="3511"/></proof>
   </goal>
   <goal name="VC div.1.1" expl="postcondition" proved="true">
   <proof prover="0"><result status="timeout" time="600.00"/></proof>
   <proof prover="1"><result status="valid" time="1.65" steps="3336"/></proof>
   </goal>
   <goal name="VC div.1.2" expl="postcondition" proved="true">
   <proof prover="0"><result status="timeout" time="600.00"/></proof>
   <proof prover="1"><result status="valid" time="1.38" steps="3113"/></proof>
   </goal>
  </transf>
  </goal>
  <goal name="VC div.2" expl="postcondition" proved="true">
  <proof prover="1"><result status="valid" time="63.54" steps="67345"/></proof>
  <transf name="split_vc" proved="true" >
   <goal name="VC div.2.0" expl="postcondition" proved="true">
   <proof prover="0"><result status="timeout" time="600.00"/></proof>
   <proof prover="1"><result status="valid" time="170.45" steps="54250"/></proof>
   </goal>
   <goal name="VC div.2.1" expl="postcondition" proved="true">
   <proof prover="0"><result status="timeout" time="600.00"/></proof>
   <proof prover="1"><result status="valid" time="332.56" steps="108460"/></proof>
   </goal>
   <goal name="VC div.2.2" expl="postcondition" proved="true">
   <proof prover="0"><result status="timeout" time="600.00"/></proof>
   <proof prover="1"><result status="valid" time="7.75" steps="14498"/></proof>
   </goal>
  </transf>
  </goal>
  <goal name="VC div.3" expl="postcondition" proved="true">
  <proof prover="1"><result status="valid" time="189.58" steps="113919"/></proof>
  <transf name="split_vc" >
   <goal name="VC div.3.0" expl="postcondition">
   <proof prover="0"><result status="timeout" time="600.00"/></proof>
   <proof prover="1"><result status="timeout" time="600.00"/></proof>
   </goal>
   <goal name="VC div.3.1" expl="postcondition" proved="true">
   <proof prover="0"><result status="timeout" time="600.00"/></proof>
   <proof prover="1"><result status="valid" time="125.06" steps="51012"/></proof>
   </goal>
   <goal name="VC div.3.2" expl="postcondition" proved="true">
   <proof prover="0"><result status="timeout" time="600.00"/></proof>
   <proof prover="1"><result status="valid" time="24.32" steps="18378"/></proof>
   </goal>
  </transf>
  </goal>
  <goal name="VC div.4" expl="postcondition" proved="true">
  <proof prover="1"><result status="valid" time="41.13" steps="30831"/></proof>
  <transf name="split_vc" proved="true" >
   <goal name="VC div.4.0" expl="postcondition" proved="true">
   <proof prover="0"><result status="timeout" time="600.00"/></proof>
   <proof prover="1"><result status="valid" time="4.13" steps="9692"/></proof>
   </goal>
   <goal name="VC div.4.1" expl="postcondition" proved="true">
   <proof prover="0"><result status="timeout" time="600.00"/></proof>
   <proof prover="1"><result status="valid" time="9.15" steps="22141"/></proof>
   </goal>
   <goal name="VC div.4.2" expl="postcondition" proved="true">
   <proof prover="0"><result status="valid" time="275.39"/></proof>
   <proof prover="1"><result status="valid" time="1.33" steps="5482"/></proof>
   </goal>
  </transf>
  </goal>
  <goal name="VC div.5" expl="postcondition" proved="true">
  <proof prover="1"><result status="valid" time="2.74" steps="5720"/></proof>
  <transf name="split_vc" proved="true" >
   <goal name="VC div.5.0" expl="postcondition" proved="true">
   <proof prover="0"><result status="timeout" time="600.00"/></proof>
   <proof prover="1"><result status="valid" time="1.77" steps="3575"/></proof>
   </goal>
   <goal name="VC div.5.1" expl="postcondition" proved="true">
   <proof prover="0"><result status="timeout" time="600.00"/></proof>
   <proof prover="1"><result status="valid" time="1.75" steps="4149"/></proof>
   </goal>
   <goal name="VC div.5.2" expl="postcondition" proved="true">
   <proof prover="0"><result status="timeout" time="600.00"/></proof>
   <proof prover="1"><result status="valid" time="1.71" steps="3428"/></proof>
   </goal>
  </transf>
  </goal>
  <goal name="VC div.6" expl="postcondition" proved="true">
  <proof prover="1"><result status="valid" time="117.43" steps="64551"/></proof>
  <transf name="split_vc" proved="true" >
   <goal name="VC div.6.0" expl="postcondition" proved="true">
   <proof prover="0"><result status="timeout" time="600.00"/></proof>
   <proof prover="1"><result status="valid" time="47.69" steps="24542"/></proof>
   </goal>
   <goal name="VC div.6.1" expl="postcondition" proved="true">
   <proof prover="0"><result status="timeout" time="600.00"/></proof>
   <proof prover="1"><result status="valid" time="376.87" steps="70916"/></proof>
   </goal>
   <goal name="VC div.6.2" expl="postcondition" proved="true">
   <proof prover="0"><result status="timeout" time="600.00"/></proof>
   <proof prover="1"><result status="valid" time="4.40" steps="11878"/></proof>
   </goal>
  </transf>
  </goal>
  <goal name="VC div.7" expl="postcondition" proved="true">
  <proof prover="1"><result status="valid" time="131.32" steps="99944"/></proof>
  <transf name="split_vc" >
   <goal name="VC div.7.0" expl="postcondition">
   <proof prover="0"><result status="timeout" time="600.00"/></proof>
   <proof prover="1"><result status="timeout" time="600.00"/></proof>
   </goal>
   <goal name="VC div.7.1" expl="postcondition" proved="true">
   <proof prover="0"><result status="timeout" time="600.00"/></proof>
   <proof prover="1"><result status="valid" time="60.06" steps="55059"/></proof>
   </goal>
   <goal name="VC div.7.2" expl="postcondition" proved="true">
   <proof prover="0"><result status="timeout" time="600.00"/></proof>
   <proof prover="1"><result status="valid" time="31.82" steps="26977"/></proof>
   </goal>
  </transf>
  </goal>
  <goal name="VC div.8" expl="exceptional postcondition" proved="true">
  <proof prover="0"><result status="timeout" time="600.00"/></proof>
  <proof prover="1"><result status="valid" time="0.14" steps="463"/></proof>
  </goal>
 </transf>
 </goal>
</theory>
</file>
</why3session>
