<?xml version="1.0" encoding="UTF-8"?>
<!DOCTYPE why3session PUBLIC "-//Why3//proof session v5//EN"
"http://why3.lri.fr/why3session.dtd">
<why3session shape_version="5">
<prover id="0" name="Z3" version="4.7.1" timelimit="600" steplimit="0" memlimit="4000"/>
<prover id="1" name="Alt-Ergo" version="2.2.0" timelimit="600" steplimit="0" memlimit="4000"/>
<file name="../div.mlw" proved="true">
<theory name="Div" proved="true">
 <goal name="div_down_positive_finite" proved="true">
 <proof prover="0"><result status="timeout" time="600.00"/></proof>
 <proof prover="1"><result status="valid" time="0.33" steps="598"/></proof>
 <transf name="split_vc" proved="true" >
  <goal name="div_down_positive_finite.0" proved="true">
  <proof prover="0"><result status="timeout" time="600.00"/></proof>
  <proof prover="1"><result status="valid" time="0.14" steps="168"/></proof>
  </goal>
  <goal name="div_down_positive_finite.1" proved="true">
  <proof prover="0"><result status="timeout" time="600.00"/></proof>
  <proof prover="1"><result status="valid" time="0.30" steps="766"/></proof>
  </goal>
 </transf>
 </goal>
 <goal name="div_up_negative_finite" proved="true">
 <proof prover="0"><result status="timeout" time="600.00"/></proof>
 <proof prover="1"><result status="valid" time="0.33" steps="838"/></proof>
 <transf name="split_vc" proved="true" >
  <goal name="div_up_negative_finite.0" proved="true">
  <proof prover="0"><result status="timeout" time="600.00"/></proof>
  <proof prover="1"><result status="valid" time="0.15" steps="168"/></proof>
  </goal>
  <goal name="div_up_negative_finite.1" proved="true">
  <proof prover="0"><result status="timeout" time="600.00"/></proof>
  <proof prover="1"><result status="valid" time="0.32" steps="766"/></proof>
  </goal>
 </transf>
 </goal>
 <goal name="VC div" expl="VC for div" proved="true">
 <proof prover="0"><result status="timeout" time="600.00"/></proof>
 <proof prover="1"><result status="timeout" time="600.00"/></proof>
 <transf name="split_vc" proved="true" >
  <goal name="VC div.0" expl="postcondition" proved="true">
  <proof prover="0"><result status="timeout" time="1200.00"/></proof>
  <proof prover="1"><result status="valid" time="31.68" steps="27840"/></proof>
  <transf name="split_vc" >
   <goal name="VC div.0.0" expl="postcondition" proved="true">
   <proof prover="0"><result status="timeout" time="600.00"/></proof>
   <proof prover="1"><result status="valid" time="7.70" steps="16620"/></proof>
   </goal>
   <goal name="VC div.0.1" expl="postcondition">
   <proof prover="0"><result status="timeout" time="600.00"/></proof>
   <proof prover="1"><result status="timeout" time="600.00"/></proof>
   </goal>
   <goal name="VC div.0.2" expl="postcondition" proved="true">
   <proof prover="0"><result status="valid" time="539.29"/></proof>
   <proof prover="1"><result status="valid" time="6.44" steps="11875"/></proof>
   </goal>
  </transf>
  </goal>
  <goal name="VC div.1" expl="postcondition" proved="true">
  <proof prover="0"><result status="timeout" time="757.00"/></proof>
  <proof prover="1"><result status="valid" time="2.74" steps="5175"/></proof>
  <transf name="split_vc" proved="true" >
   <goal name="VC div.1.0" expl="postcondition" proved="true">
   <proof prover="0"><result status="timeout" time="600.00"/></proof>
   <proof prover="1"><result status="valid" time="1.75" steps="3670"/></proof>
   </goal>
   <goal name="VC div.1.1" expl="postcondition" proved="true">
   <proof prover="0"><result status="timeout" time="600.00"/></proof>
   <proof prover="1"><result status="valid" time="1.77" steps="3413"/></proof>
   </goal>
   <goal name="VC div.1.2" expl="postcondition" proved="true">
   <proof prover="0"><result status="timeout" time="600.00"/></proof>
   <proof prover="1"><result status="valid" time="1.71" steps="3250"/></proof>
   </goal>
  </transf>
  </goal>
  <goal name="VC div.2" expl="postcondition" proved="true">
  <proof prover="0"><result status="timeout" time="600.00"/></proof>
  <proof prover="1"><result status="valid" time="216.90" steps="63679"/></proof>
  <transf name="split_vc" >
   <goal name="VC div.2.0" expl="postcondition">
   <proof prover="0"><result status="timeout" time="600.00"/></proof>
   <proof prover="1"><result status="timeout" time="600.00"/></proof>
   </goal>
   <goal name="VC div.2.1" expl="postcondition" proved="true">
   <proof prover="0"><result status="timeout" time="714.00"/></proof>
   <proof prover="1"><result status="valid" time="65.08" steps="42566"/></proof>
   </goal>
   <goal name="VC div.2.2" expl="postcondition" proved="true">
   <proof prover="0"><result status="timeout" time="600.00"/></proof>
   <proof prover="1"><result status="valid" time="8.74" steps="14037"/></proof>
   </goal>
  </transf>
  </goal>
  <goal name="VC div.3" expl="postcondition" proved="true">
  <proof prover="0"><result status="timeout" time="600.00"/></proof>
  <proof prover="1"><result status="valid" time="125.62" steps="95509"/></proof>
  <transf name="split_vc" >
   <goal name="VC div.3.0" expl="postcondition" proved="true">
   <proof prover="0"><result status="timeout" time="600.00"/></proof>
   <proof prover="1"><result status="valid" time="68.84" steps="39968"/></proof>
   </goal>
   <goal name="VC div.3.1" expl="postcondition">
   <proof prover="0"><result status="timeout" time="600.00"/></proof>
   <proof prover="1"><result status="timeout" time="600.00"/></proof>
   </goal>
   <goal name="VC div.3.2" expl="postcondition" proved="true">
   <proof prover="0"><result status="timeout" time="600.00"/></proof>
   <proof prover="1"><result status="valid" time="15.98" steps="17300"/></proof>
   </goal>
  </transf>
  </goal>
  <goal name="VC div.4" expl="postcondition" proved="true">
  <proof prover="0"><result status="timeout" time="600.00"/></proof>
  <proof prover="1"><result status="valid" time="17.86" steps="26161"/></proof>
  <transf name="split_vc" >
   <goal name="VC div.4.0" expl="postcondition">
   <proof prover="0"><result status="timeout" time="600.00"/></proof>
   <proof prover="1"><result status="timeout" time="600.00"/></proof>
   </goal>
   <goal name="VC div.4.1" expl="postcondition" proved="true">
   <proof prover="0"><result status="timeout" time="600.00"/></proof>
   <proof prover="1"><result status="valid" time="7.67" steps="18743"/></proof>
   </goal>
   <goal name="VC div.4.2" expl="postcondition" proved="true">
   <proof prover="0"><result status="valid" time="310.47"/></proof>
   <proof prover="1"><result status="valid" time="7.06" steps="13483"/></proof>
   </goal>
  </transf>
  </goal>
  <goal name="VC div.5" expl="postcondition" proved="true">
  <proof prover="0"><result status="timeout" time="600.00"/></proof>
  <proof prover="1"><result status="valid" time="2.64" steps="6011"/></proof>
  <transf name="split_vc" proved="true" >
   <goal name="VC div.5.0" expl="postcondition" proved="true">
   <proof prover="0"><result status="timeout" time="600.00"/></proof>
   <proof prover="1"><result status="valid" time="1.65" steps="4093"/></proof>
   </goal>
   <goal name="VC div.5.1" expl="postcondition" proved="true">
   <proof prover="0"><result status="timeout" time="600.00"/></proof>
   <proof prover="1"><result status="valid" time="2.31" steps="4609"/></proof>
   </goal>
   <goal name="VC div.5.2" expl="postcondition" proved="true">
   <proof prover="0"><result status="timeout" time="600.00"/></proof>
   <proof prover="1"><result status="valid" time="1.74" steps="3738"/></proof>
   </goal>
  </transf>
  </goal>
  <goal name="VC div.6" expl="postcondition" proved="true">
  <proof prover="0"><result status="timeout" time="600.00"/></proof>
  <proof prover="1"><result status="valid" time="76.03" steps="74280"/></proof>
  <transf name="split_vc" proved="true" >
   <goal name="VC div.6.0" expl="postcondition" proved="true">
   <proof prover="0"><result status="timeout" time="600.00"/></proof>
   <proof prover="1"><result status="valid" time="31.66" steps="30387"/></proof>
   </goal>
   <goal name="VC div.6.1" expl="postcondition" proved="true">
   <proof prover="0"><result status="timeout" time="772.00"/></proof>
   <proof prover="1"><result status="valid" time="64.75" steps="48092"/></proof>
   </goal>
   <goal name="VC div.6.2" expl="postcondition" proved="true">
   <proof prover="0"><result status="timeout" time="600.00"/></proof>
   <proof prover="1"><result status="valid" time="5.92" steps="12291"/></proof>
   </goal>
  </transf>
  </goal>
  <goal name="VC div.7" expl="postcondition" proved="true">
  <proof prover="0"><result status="timeout" time="600.00"/></proof>
  <proof prover="1"><result status="valid" time="143.16" steps="77629"/></proof>
  <transf name="split_vc" proved="true" >
   <goal name="VC div.7.0" expl="postcondition" proved="true">
   <proof prover="0"><result status="timeout" time="600.00"/></proof>
   <proof prover="1"><result status="valid" time="82.55" steps="62059"/></proof>
   </goal>
   <goal name="VC div.7.1" expl="postcondition" proved="true">
   <proof prover="0"><result status="timeout" time="600.00"/></proof>
   <proof prover="1"><result status="valid" time="143.64" steps="65041"/></proof>
   </goal>
   <goal name="VC div.7.2" expl="postcondition" proved="true">
   <proof prover="0"><result status="timeout" time="600.00"/></proof>
   <proof prover="1"><result status="valid" time="15.60" steps="23175"/></proof>
   </goal>
  </transf>
  </goal>
  <goal name="VC div.8" expl="exceptional postcondition" proved="true">
  <proof prover="0"><result status="timeout" time="600.00"/></proof>
  <proof prover="1"><result status="valid" time="0.14" steps="473"/></proof>
  </goal>
 </transf>
 </goal>
</theory>
</file>
</why3session>
