<?xml version="1.0" encoding="UTF-8"?>
<!DOCTYPE why3session PUBLIC "-//Why3//proof session v5//EN"
"http://why3.lri.fr/why3session.dtd">
<why3session shape_version="5">
<prover id="0" name="Z3" version="4.7.1" timelimit="600" steplimit="0" memlimit="4000"/>
<prover id="1" name="Alt-Ergo" version="2.2.0" timelimit="600" steplimit="0" memlimit="4000"/>
<file name="../sub_assert.mlw" proved="true">
<theory name="Sub" proved="true">
 <goal name="sub_down_positive_finite" proved="true">
 <proof prover="0"><result status="timeout" time="600.00"/></proof>
 <proof prover="1"><result status="valid" time="0.14" steps="434"/></proof>
 <transf name="split_vc" proved="true" >
  <goal name="sub_down_positive_finite.0" proved="true">
  <proof prover="0"><result status="timeout" time="600.00"/></proof>
  <proof prover="1"><result status="valid" time="0.13" steps="168"/></proof>
  </goal>
  <goal name="sub_down_positive_finite.1" proved="true">
  <proof prover="0"><result status="timeout" time="600.00"/></proof>
  <proof prover="1"><result status="valid" time="0.13" steps="168"/></proof>
  </goal>
 </transf>
 </goal>
 <goal name="sub_up_negative_finite" proved="true">
 <proof prover="0"><result status="timeout" time="600.00"/></proof>
 <proof prover="1"><result status="valid" time="0.14" steps="434"/></proof>
 <transf name="split_vc" proved="true" >
  <goal name="sub_up_negative_finite.0" proved="true">
  <proof prover="0"><result status="timeout" time="600.00"/></proof>
  <proof prover="1"><result status="valid" time="0.13" steps="168"/></proof>
  </goal>
  <goal name="sub_up_negative_finite.1" proved="true">
  <proof prover="0"><result status="timeout" time="600.00"/></proof>
  <proof prover="1"><result status="valid" time="0.13" steps="168"/></proof>
  </goal>
 </transf>
 </goal>
 <goal name="VC sub" expl="VC for sub" proved="true">
 <proof prover="0"><result status="timeout" time="600.00"/></proof>
 <proof prover="1"><result status="valid" time="55.40" steps="124118"/></proof>
 <transf name="split_vc" proved="true" >
  <goal name="VC sub.0" expl="assertion" proved="true">
  <proof prover="0"><result status="timeout" time="600.00"/></proof>
  <proof prover="1"><result status="valid" time="1.30" steps="7053"/></proof>
  </goal>
  <goal name="VC sub.1" expl="assertion" proved="true">
  <proof prover="0"><result status="timeout" time="600.00"/></proof>
  <proof prover="1"><result status="valid" time="3.56" steps="18234"/></proof>
  </goal>
  <goal name="VC sub.2" expl="postcondition" proved="true">
  <proof prover="0"><result status="timeout" time="600.00"/></proof>
  <proof prover="1"><result status="valid" time="7.14" steps="22969"/></proof>
  </goal>
  <goal name="VC sub.3" expl="postcondition" proved="true">
  <proof prover="0"><result status="valid" time="0.88"/></proof>
  <proof prover="1"><result status="valid" time="0.25" steps="925"/></proof>
  </goal>
  <goal name="VC sub.4" expl="postcondition" proved="true">
  <proof prover="0"><result status="timeout" time="600.00"/></proof>
  <proof prover="1"><result status="valid" time="7.68" steps="32061"/></proof>
  </goal>
  <goal name="VC sub.5" expl="postcondition" proved="true">
  <proof prover="0"><result status="timeout" time="600.00"/></proof>
  <proof prover="1"><result status="valid" time="17.45" steps="62461"/></proof>
  </goal>
 </transf>
 </goal>
</theory>
</file>
</why3session>
