<?xml version="1.0" encoding="UTF-8"?>
<!DOCTYPE why3session PUBLIC "-//Why3//proof session v5//EN"
"http://why3.lri.fr/why3session.dtd">
<why3session shape_version="5">
<prover id="0" name="Alt-Ergo" version="2.2.0" timelimit="3600" steplimit="0" memlimit="4000"/>
<file name="../div.mlw" proved="true">
<theory name="Div" proved="true">
 <goal name="div_down_positive_finite" proved="true">
 <proof prover="0"><result status="valid" time="0.59" steps="2537"/></proof>
 </goal>
 <goal name="div_up_negative_finite" proved="true">
 <proof prover="0"><result status="valid" time="0.60" steps="2474"/></proof>
 </goal>
 <goal name="VC div" expl="VC for div" proved="true">
 <transf name="split_vc" proved="true" >
  <goal name="VC div.0" expl="assertion" proved="true">
  <proof prover="0"><result status="valid" time="0.26" steps="643"/></proof>
  </goal>
  <goal name="VC div.1" expl="assertion" proved="true">
  <proof prover="0"><result status="valid" time="0.68" steps="1445"/></proof>
  </goal>
  <goal name="VC div.2" expl="assertion" proved="true">
  <proof prover="0"><result status="valid" time="0.45" steps="1266"/></proof>
  </goal>
  <goal name="VC div.3" expl="assertion" proved="true">
  <proof prover="0"><result status="valid" time="1.11" steps="1874"/></proof>
  </goal>
  <goal name="VC div.4" expl="assertion" proved="true">
  <proof prover="0"><result status="valid" time="6.22" steps="3890"/></proof>
  </goal>
  <goal name="VC div.5" expl="assertion" proved="true">
  <proof prover="0"><result status="valid" time="42.69" steps="9165"/></proof>
  </goal>
  <goal name="VC div.6" expl="assertion" proved="true">
  <proof prover="0"><result status="valid" time="58.03" steps="29749"/></proof>
  </goal>
  <goal name="VC div.7" expl="assertion" proved="true">
  <transf name="split_vc" proved="true" >
   <goal name="VC div.7.0" expl="assertion" proved="true">
   <proof prover="0"><result status="valid" time="11.02" steps="12312"/></proof>
   </goal>
   <goal name="VC div.7.1" expl="assertion" proved="true">
   <proof prover="0"><result status="valid" time="38.61" steps="19012"/></proof>
   </goal>
  </transf>
  </goal>
  <goal name="VC div.8" expl="assertion" proved="true">
  <proof prover="0"><result status="valid" time="77.16" steps="31311"/></proof>
  </goal>
  <goal name="VC div.9" expl="assertion" proved="true">
  <proof prover="0"><result status="valid" time="7.40" steps="3894"/></proof>
  </goal>
  <goal name="VC div.10" expl="assertion" proved="true">
  <proof prover="0"><result status="valid" time="101.25" steps="32718"/></proof>
  </goal>
  <goal name="VC div.11" expl="assertion" proved="true">
  <transf name="split_vc" proved="true" >
   <goal name="VC div.11.0" expl="assertion" proved="true">
   <proof prover="0"><result status="valid" time="20.44" steps="18570"/></proof>
   </goal>
   <goal name="VC div.11.1" expl="assertion" proved="true">
   <proof prover="0"><result status="valid" time="281.28" steps="43386"/></proof>
   </goal>
  </transf>
  </goal>
  <goal name="VC div.12" expl="assertion" proved="true">
  <transf name="split_vc" proved="true" >
   <goal name="VC div.12.0" expl="assertion" proved="true">
   <proof prover="0"><result status="valid" time="1.17" steps="2099"/></proof>
   </goal>
   <goal name="VC div.12.1" expl="assertion" proved="true">
   <proof prover="0"><result status="valid" time="20.87" steps="16623"/></proof>
   </goal>
  </transf>
  </goal>
  <goal name="VC div.13" expl="assertion" proved="true">
  <proof prover="0"><result status="valid" time="97.96" steps="30601"/></proof>
  </goal>
  <goal name="VC div.14" expl="postcondition" proved="true">
  <proof prover="0"><result status="valid" time="47.86" steps="25048"/></proof>
  </goal>
  <goal name="VC div.15" expl="postcondition" proved="true">
  <proof prover="0"><result status="valid" time="70.94" steps="36644"/></proof>
  </goal>
  <goal name="VC div.16" expl="postcondition" proved="true">
  <proof prover="0"><result status="valid" time="75.40" steps="20253"/></proof>
  </goal>
  <goal name="VC div.17" expl="postcondition" proved="true">
  <proof prover="0"><result status="valid" time="61.22" steps="24529"/></proof>
  </goal>
  <goal name="VC div.18" expl="assertion" proved="true">
  <proof prover="0"><result status="valid" time="1.20" steps="2761"/></proof>
  </goal>
  <goal name="VC div.19" expl="assertion" proved="true">
  <proof prover="0"><result status="valid" time="21.04" steps="18725"/></proof>
  </goal>
  <goal name="VC div.20" expl="assertion" proved="true">
  <transf name="split_vc" proved="true" >
   <goal name="VC div.20.0" expl="assertion" proved="true">
   <proof prover="0"><result status="valid" time="23.93" steps="31530"/></proof>
   </goal>
   <goal name="VC div.20.1" expl="assertion" proved="true">
   <proof prover="0"><result status="valid" time="12.90" steps="10622"/></proof>
   </goal>
  </transf>
  </goal>
  <goal name="VC div.21" expl="assertion" proved="true">
  <proof prover="0"><result status="valid" time="31.57" steps="17721"/></proof>
  </goal>
  <goal name="VC div.22" expl="assertion" proved="true">
  <proof prover="0"><result status="valid" time="192.50" steps="35843"/></proof>
  </goal>
  <goal name="VC div.23" expl="assertion" proved="true">
  <proof prover="0"><result status="valid" time="10.26" steps="5495"/></proof>
  </goal>
  <goal name="VC div.24" expl="assertion" proved="true">
  <proof prover="0"><result status="valid" time="110.00" steps="27838"/></proof>
  </goal>
  <goal name="VC div.25" expl="assertion" proved="true">
  <proof prover="0"><result status="valid" time="31.18" steps="17127"/></proof>
  </goal>
  <goal name="VC div.26" expl="assertion" proved="true">
  <proof prover="0"><result status="valid" time="136.30" steps="53976"/></proof>
  </goal>
  <goal name="VC div.27" expl="assertion" proved="true">
  <proof prover="0"><result status="valid" time="112.60" steps="39695"/></proof>
  </goal>
  <goal name="VC div.28" expl="postcondition" proved="true">
  <proof prover="0"><result status="valid" time="82.37" steps="34019"/></proof>
  </goal>
  <goal name="VC div.29" expl="postcondition" proved="true">
  <proof prover="0"><result status="valid" time="53.69" steps="23261"/></proof>
  </goal>
  <goal name="VC div.30" expl="postcondition" proved="true">
  <proof prover="0"><result status="valid" time="62.10" steps="28386"/></proof>
  </goal>
  <goal name="VC div.31" expl="postcondition" proved="true">
  <proof prover="0"><result status="valid" time="72.72" steps="22448"/></proof>
  </goal>
  <goal name="VC div.32" expl="exceptional postcondition" proved="true">
  <proof prover="0"><result status="valid" time="0.03" steps="67"/></proof>
  </goal>
 </transf>
 </goal>
</theory>
</file>
</why3session>
