<?xml version="1.0" encoding="UTF-8"?>
<!DOCTYPE why3session PUBLIC "-//Why3//proof session v5//EN"
"http://why3.lri.fr/why3session.dtd">
<why3session shape_version="5">
<prover id="0" name="Alt-Ergo" version="2.2.0" timelimit="3600" steplimit="0" memlimit="4000"/>
<file name="../mul.mlw" proved="true">
<theory name="Mul" proved="true">
 <goal name="mul_down_positive_finite" proved="true">
 <proof prover="0"><result status="valid" time="0.07" steps="284"/></proof>
 </goal>
 <goal name="mul_up_negative_finite" proved="true">
 <proof prover="0"><result status="valid" time="0.06" steps="168"/></proof>
 </goal>
 <goal name="VC mul" expl="VC for mul" proved="true">
 <transf name="split_vc" proved="true" >
  <goal name="VC mul.0" expl="assertion" proved="true">
  <proof prover="0"><result status="valid" time="0.35" steps="863"/></proof>
  </goal>
  <goal name="VC mul.1" expl="assertion" proved="true">
  <proof prover="0"><result status="valid" time="0.31" steps="1021"/></proof>
  </goal>
  <goal name="VC mul.2" expl="assertion" proved="true">
  <proof prover="0"><result status="valid" time="7.09" steps="2570"/></proof>
  </goal>
  <goal name="VC mul.3" expl="assertion" proved="true">
  <proof prover="0"><result status="valid" time="3.72" steps="1472"/></proof>
  </goal>
  <goal name="VC mul.4" expl="assertion" proved="true">
  <proof prover="0"><result status="valid" time="4.00" steps="2277"/></proof>
  </goal>
  <goal name="VC mul.5" expl="assertion" proved="true">
  <proof prover="0"><result status="valid" time="4.19" steps="2380"/></proof>
  </goal>
  <goal name="VC mul.6" expl="assertion" proved="true">
  <proof prover="0"><result status="valid" time="8.99" steps="6868"/></proof>
  </goal>
  <goal name="VC mul.7" expl="assertion" proved="true">
  <proof prover="0"><result status="valid" time="74.67" steps="52033"/></proof>
  </goal>
  <goal name="VC mul.8" expl="assertion" proved="true">
  <proof prover="0"><result status="valid" time="48.18" steps="39392"/></proof>
  </goal>
  <goal name="VC mul.9" expl="assertion" proved="true">
  <transf name="split_vc" proved="true" >
   <goal name="VC mul.9.0" expl="assertion" proved="true">
   <proof prover="0"><result status="valid" time="11.80" steps="9901"/></proof>
   </goal>
   <goal name="VC mul.9.1" expl="assertion" proved="true">
   <proof prover="0"><result status="valid" time="92.14" steps="49309"/></proof>
   </goal>
  </transf>
  </goal>
  <goal name="VC mul.10" expl="assertion" proved="true">
  <proof prover="0"><result status="valid" time="52.52" steps="49632"/></proof>
  </goal>
  <goal name="VC mul.11" expl="assertion" proved="true">
  <proof prover="0"><result status="valid" time="6.87" steps="5499"/></proof>
  </goal>
  <goal name="VC mul.12" expl="assertion" proved="true">
  <proof prover="0"><result status="valid" time="57.67" steps="45295"/></proof>
  </goal>
  <goal name="VC mul.13" expl="assertion" proved="true">
  <proof prover="0"><result status="valid" time="52.86" steps="52412"/></proof>
  </goal>
  <goal name="VC mul.14" expl="assertion" proved="true">
  <proof prover="0"><result status="valid" time="52.09" steps="53331"/></proof>
  </goal>
  <goal name="VC mul.15" expl="assertion" proved="true">
  <proof prover="0"><result status="valid" time="57.27" steps="47324"/></proof>
  </goal>
  <goal name="VC mul.16" expl="postcondition" proved="true">
  <proof prover="0"><result status="valid" time="25.40" steps="32956"/></proof>
  </goal>
  <goal name="VC mul.17" expl="postcondition" proved="true">
  <proof prover="0"><result status="valid" time="37.25" steps="54277"/></proof>
  </goal>
  <goal name="VC mul.18" expl="postcondition" proved="true">
  <proof prover="0"><result status="valid" time="1.99" steps="1720"/></proof>
  </goal>
  <goal name="VC mul.19" expl="postcondition" proved="true">
  <proof prover="0"><result status="valid" time="61.90" steps="48760"/></proof>
  </goal>
  <goal name="VC mul.20" expl="postcondition" proved="true">
  <proof prover="0"><result status="valid" time="78.37" steps="59598"/></proof>
  </goal>
 </transf>
 </goal>
</theory>
</file>
</why3session>
