<?xml version="1.0" encoding="UTF-8"?>
<!DOCTYPE why3session PUBLIC "-//Why3//proof session v5//EN"
"http://why3.lri.fr/why3session.dtd">
<why3session shape_version="5">
<prover id="0" name="Z3" version="4.7.1" timelimit="600" steplimit="0" memlimit="4000"/>
<prover id="1" name="Alt-Ergo" version="2.2.0" timelimit="600" steplimit="0" memlimit="4000"/>
<file name="../div.mlw" proved="true">
<theory name="Div" proved="true">
 <goal name="div_down_positive_finite" proved="true">
 <proof prover="0"><result status="timeout" time="600.00"/></proof>
 <proof prover="1"><result status="valid" time="0.33" steps="860"/></proof>
 <transf name="split_vc" proved="true" >
  <goal name="div_down_positive_finite.0" proved="true">
  <proof prover="0"><result status="timeout" time="600.00"/></proof>
  <proof prover="1"><result status="valid" time="0.14" steps="170"/></proof>
  </goal>
  <goal name="div_down_positive_finite.1" proved="true">
  <proof prover="0"><result status="timeout" time="600.00"/></proof>
  <proof prover="1"><result status="valid" time="0.30" steps="794"/></proof>
  </goal>
 </transf>
 </goal>
 <goal name="div_up_negative_finite" proved="true">
 <proof prover="0"><result status="timeout" time="600.00"/></proof>
 <proof prover="1"><result status="valid" time="0.33" steps="858"/></proof>
 <transf name="split_vc" proved="true" >
  <goal name="div_up_negative_finite.0" proved="true">
  <proof prover="0"><result status="timeout" time="600.00"/></proof>
  <proof prover="1"><result status="valid" time="0.15" steps="170"/></proof>
  </goal>
  <goal name="div_up_negative_finite.1" proved="true">
  <proof prover="0"><result status="timeout" time="600.00"/></proof>
  <proof prover="1"><result status="valid" time="0.32" steps="791"/></proof>
  </goal>
 </transf>
 </goal>
 <goal name="VC div" expl="VC for div" proved="true">
 <proof prover="0"><result status="timeout" time="600.00"/></proof>
 <proof prover="1"><result status="timeout" time="600.00"/></proof>
 <transf name="split_vc" proved="true" >
  <goal name="VC div.0" expl="postcondition" proved="true">
  <proof prover="0"><result status="timeout" time="600.00"/></proof>
  <proof prover="1"><result status="valid" time="24.30" steps="26929"/></proof>
  <transf name="split_vc" proved="true" >
   <goal name="VC div.0.0" expl="postcondition" proved="true">
   <proof prover="0"><result status="timeout" time="600.00"/></proof>
   <proof prover="1"><result status="valid" time="7.67" steps="14905"/></proof>
   </goal>
   <goal name="VC div.0.1" expl="postcondition" proved="true">
   <proof prover="0"><result status="timeout" time="600.00"/></proof>
   <proof prover="1"><result status="valid" time="8.62" steps="16119"/></proof>
   </goal>
   <goal name="VC div.0.2" expl="postcondition" proved="true">
   <proof prover="0"><result status="valid" time="253.27"/></proof>
   <proof prover="1"><result status="valid" time="6.24" steps="11796"/></proof>
   </goal>
  </transf>
  </goal>
  <goal name="VC div.1" expl="postcondition" proved="true">
  <proof prover="0"><result status="timeout" time="600.00"/></proof>
  <proof prover="1"><result status="valid" time="2.64" steps="5698"/></proof>
  <transf name="split_vc" proved="true" >
   <goal name="VC div.1.0" expl="postcondition" proved="true">
   <proof prover="0"><result status="timeout" time="600.00"/></proof>
   <proof prover="1"><result status="valid" time="1.98" steps="3587"/></proof>
   </goal>
   <goal name="VC div.1.1" expl="postcondition" proved="true">
   <proof prover="0"><result status="timeout" time="600.00"/></proof>
   <proof prover="1"><result status="valid" time="1.65" steps="3246"/></proof>
   </goal>
   <goal name="VC div.1.2" expl="postcondition" proved="true">
   <proof prover="0"><result status="timeout" time="600.00"/></proof>
   <proof prover="1"><result status="valid" time="1.38" steps="3297"/></proof>
   </goal>
  </transf>
  </goal>
  <goal name="VC div.2" expl="postcondition" proved="true">
  <proof prover="0"><result status="timeout" time="600.00"/></proof>
  <proof prover="1"><result status="valid" time="140.64" steps="66358"/></proof>
  <transf name="split_vc" proved="true" >
   <goal name="VC div.2.0" expl="postcondition" proved="true">
   <proof prover="0"><result status="timeout" time="707.00"/></proof>
   <proof prover="1"><result status="valid" time="43.19" steps="45589"/></proof>
   </goal>
   <goal name="VC div.2.1" expl="postcondition" proved="true">
   <proof prover="0"><result status="timeout" time="884.00"/></proof>
   <proof prover="1"><result status="valid" time="20.85" steps="17895"/></proof>
   </goal>
   <goal name="VC div.2.2" expl="postcondition" proved="true">
   <proof prover="0"><result status="timeout" time="600.00"/></proof>
   <proof prover="1"><result status="valid" time="8.21" steps="11767"/></proof>
   </goal>
  </transf>
  </goal>
  <goal name="VC div.3" expl="postcondition" proved="true">
  <proof prover="0"><result status="timeout" time="600.00"/></proof>
  <proof prover="1"><result status="valid" time="110.62" steps="79125"/></proof>
  <transf name="split_vc" proved="true" >
   <goal name="VC div.3.0" expl="postcondition" proved="true">
   <proof prover="0"><result status="timeout" time="600.00"/></proof>
   <proof prover="1"><result status="valid" time="112.01" steps="51241"/></proof>
   </goal>
   <goal name="VC div.3.1" expl="postcondition" proved="true">
   <proof prover="0"><result status="timeout" time="600.00"/></proof>
   <proof prover="1"><result status="valid" time="58.24" steps="59514"/></proof>
   </goal>
   <goal name="VC div.3.2" expl="postcondition" proved="true">
   <proof prover="0"><result status="timeout" time="600.00"/></proof>
   <proof prover="1"><result status="valid" time="23.84" steps="35843"/></proof>
   </goal>
  </transf>
  </goal>
  <goal name="VC div.4" expl="postcondition" proved="true">
  <proof prover="0"><result status="timeout" time="600.00"/></proof>
  <proof prover="1"><result status="valid" time="31.68" steps="36115"/></proof>
  <transf name="split_vc" proved="true" >
   <goal name="VC div.4.0" expl="postcondition" proved="true">
   <proof prover="0"><result status="timeout" time="600.00"/></proof>
   <proof prover="1"><result status="valid" time="3.08" steps="7693"/></proof>
   </goal>
   <goal name="VC div.4.1" expl="postcondition" proved="true">
   <proof prover="0"><result status="timeout" time="600.00"/></proof>
   <proof prover="1"><result status="valid" time="9.62" steps="22748"/></proof>
   </goal>
   <goal name="VC div.4.2" expl="postcondition" proved="true">
   <proof prover="0"><result status="valid" time="238.79"/></proof>
   <proof prover="1"><result status="valid" time="1.24" steps="5476"/></proof>
   </goal>
  </transf>
  </goal>
  <goal name="VC div.5" expl="postcondition" proved="true">
  <proof prover="0"><result status="timeout" time="600.00"/></proof>
  <proof prover="1"><result status="valid" time="2.74" steps="6203"/></proof>
  <transf name="split_vc" proved="true" >
   <goal name="VC div.5.0" expl="postcondition" proved="true">
   <proof prover="0"><result status="timeout" time="600.00"/></proof>
   <proof prover="1"><result status="valid" time="1.77" steps="3655"/></proof>
   </goal>
   <goal name="VC div.5.1" expl="postcondition" proved="true">
   <proof prover="0"><result status="timeout" time="600.00"/></proof>
   <proof prover="1"><result status="valid" time="1.75" steps="4396"/></proof>
   </goal>
   <goal name="VC div.5.2" expl="postcondition" proved="true">
   <proof prover="0"><result status="timeout" time="600.00"/></proof>
   <proof prover="1"><result status="valid" time="1.71" steps="3581"/></proof>
   </goal>
  </transf>
  </goal>
  <goal name="VC div.6" expl="postcondition" proved="true">
  <proof prover="0"><result status="timeout" time="600.00"/></proof>
  <proof prover="1"><result status="valid" time="82.98" steps="88929"/></proof>
  <transf name="split_vc" >
   <goal name="VC div.6.0" expl="postcondition" proved="true">
   <proof prover="0"><result status="timeout" time="600.00"/></proof>
   <proof prover="1"><result status="valid" time="22.70" steps="28354"/></proof>
   </goal>
   <goal name="VC div.6.1" expl="postcondition">
   <proof prover="0"><result status="timeout" time="600.00"/></proof>
   <proof prover="1"><result status="timeout" time="600.00"/></proof>
   </goal>
   <goal name="VC div.6.2" expl="postcondition" proved="true">
   <proof prover="0"><result status="timeout" time="600.00"/></proof>
   <proof prover="1"><result status="valid" time="6.31" steps="13109"/></proof>
   </goal>
  </transf>
  </goal>
  <goal name="VC div.7" expl="postcondition" proved="true">
  <proof prover="0"><result status="timeout" time="600.00"/></proof>
  <proof prover="1"><result status="valid" time="169.13" steps="113849"/></proof>
  <transf name="split_vc" >
   <goal name="VC div.7.0" expl="postcondition">
   <proof prover="0"><result status="timeout" time="600.00"/></proof>
   <proof prover="1"><result status="timeout" time="600.00"/></proof>
   </goal>
   <goal name="VC div.7.1" expl="postcondition" proved="true">
   <proof prover="0"><result status="timeout" time="600.00"/></proof>
   <proof prover="1"><result status="valid" time="98.35" steps="64774"/></proof>
   </goal>
   <goal name="VC div.7.2" expl="postcondition" proved="true">
   <proof prover="0"><result status="timeout" time="600.00"/></proof>
   <proof prover="1"><result status="valid" time="13.86" steps="18818"/></proof>
   </goal>
  </transf>
  </goal>
  <goal name="VC div.8" expl="exceptional postcondition" proved="true">
  <proof prover="0"><result status="timeout" time="600.00"/></proof>
  <proof prover="1"><result status="valid" time="0.14" steps="471"/></proof>
  </goal>
 </transf>
 </goal>
</theory>
</file>
</why3session>
