<?xml version="1.0" encoding="UTF-8"?>
<!DOCTYPE why3session PUBLIC "-//Why3//proof session v5//EN"
"http://why3.lri.fr/why3session.dtd">
<why3session shape_version="5">
<prover id="0" name="Z3" version="4.7.1" timelimit="600" steplimit="0" memlimit="4000"/>
<prover id="1" name="Alt-Ergo" version="2.2.0" timelimit="600" steplimit="0" memlimit="4000"/>
<file name="../div.mlw" proved="true">
<theory name="Div" proved="true">
 <goal name="div_down_positive_finite" proved="true">
 <proof prover="0"><result status="timeout" time="600.00"/></proof>
 <proof prover="1"><result status="valid" time="0.33" steps="859"/></proof>
 <transf name="split_vc" proved="true" >
  <goal name="div_down_positive_finite.0" proved="true">
  <proof prover="0" obsolete="true"><result status="timeout" time="600.00"/></proof>
  <proof prover="1"><result status="valid" time="0.14" steps="170"/></proof>
  </goal>
  <goal name="div_down_positive_finite.1" proved="true">
  <proof prover="0" obsolete="true"><result status="timeout" time="600.00"/></proof>
  <proof prover="1"><result status="valid" time="0.30" steps="793"/></proof>
  </goal>
 </transf>
 </goal>
 <goal name="div_up_negative_finite" proved="true">
 <proof prover="0"><result status="timeout" time="600.00"/></proof>
 <proof prover="1"><result status="valid" time="0.33" steps="857"/></proof>
 <transf name="split_vc" proved="true" >
  <goal name="div_up_negative_finite.0" proved="true">
  <proof prover="0" obsolete="true"><result status="timeout" time="600.00"/></proof>
  <proof prover="1"><result status="valid" time="0.15" steps="170"/></proof>
  </goal>
  <goal name="div_up_negative_finite.1" proved="true">
  <proof prover="0" obsolete="true"><result status="timeout" time="600.00"/></proof>
  <proof prover="1"><result status="valid" time="0.32" steps="790"/></proof>
  </goal>
 </transf>
 </goal>
 <goal name="VC div" expl="VC for div" proved="true">
 <proof prover="0"><result status="timeout" time="600.00"/></proof>
 <proof prover="1" obsolete="true"><result status="timeout" time="600.00"/></proof>
 <transf name="split_vc" proved="true" >
  <goal name="VC div.0" expl="postcondition" proved="true">
  <proof prover="1"><result status="valid" time="21.59" steps="42347"/></proof>
  <transf name="split_vc" proved="true" >
   <goal name="VC div.0.0" expl="postcondition" proved="true">
   <proof prover="0" obsolete="true"><result status="timeout" time="600.00"/></proof>
   <proof prover="1"><result status="valid" time="6.52" steps="14284"/></proof>
   </goal>
   <goal name="VC div.0.1" expl="postcondition" proved="true">
   <proof prover="0" obsolete="true"><result status="timeout" time="600.00"/></proof>
   <proof prover="1"><result status="valid" time="8.62" steps="15914"/></proof>
   </goal>
   <goal name="VC div.0.2" expl="postcondition" proved="true">
   <proof prover="0"><result status="valid" time="183.47"/></proof>
   <proof prover="1"><result status="valid" time="6.24" steps="14429"/></proof>
   </goal>
  </transf>
  </goal>
  <goal name="VC div.1" expl="postcondition" proved="true">
  <proof prover="1"><result status="valid" time="2.64" steps="5757"/></proof>
  <transf name="split_vc" proved="true" >
   <goal name="VC div.1.0" expl="postcondition" proved="true">
   <proof prover="0" obsolete="true"><result status="timeout" time="600.00"/></proof>
   <proof prover="1"><result status="valid" time="1.62" steps="3514"/></proof>
   </goal>
   <goal name="VC div.1.1" expl="postcondition" proved="true">
   <proof prover="0" obsolete="true"><result status="timeout" time="600.00"/></proof>
   <proof prover="1"><result status="valid" time="1.65" steps="3367"/></proof>
   </goal>
   <goal name="VC div.1.2" expl="postcondition" proved="true">
   <proof prover="0" obsolete="true"><result status="timeout" time="600.00"/></proof>
   <proof prover="1"><result status="valid" time="1.38" steps="3179"/></proof>
   </goal>
  </transf>
  </goal>
  <goal name="VC div.2" expl="postcondition" proved="true">
  <proof prover="1"><result status="valid" time="104.30" steps="74343"/></proof>
  <transf name="split_vc" proved="true" >
   <goal name="VC div.2.0" expl="postcondition" proved="true">
   <proof prover="0" obsolete="true"><result status="timeout" time="600.00"/></proof>
   <proof prover="1"><result status="valid" time="43.19" steps="44217"/></proof>
   </goal>
   <goal name="VC div.2.1" expl="postcondition" proved="true">
   <proof prover="0" obsolete="true"><result status="timeout" time="600.00"/></proof>
   <proof prover="1"><result status="valid" time="107.27" steps="56729"/></proof>
   </goal>
   <goal name="VC div.2.2" expl="postcondition" proved="true">
   <proof prover="0" obsolete="true"><result status="timeout" time="600.00"/></proof>
   <proof prover="1"><result status="valid" time="5.58" steps="13858"/></proof>
   </goal>
  </transf>
  </goal>
  <goal name="VC div.3" expl="postcondition" proved="true">
  <proof prover="1"><result status="valid" time="135.68" steps="82952"/></proof>
  <transf name="split_vc" >
   <goal name="VC div.3.0" expl="postcondition" proved="true">
   <proof prover="0" obsolete="true"><result status="timeout" time="600.00"/></proof>
   <proof prover="1"><result status="valid" time="85.19" steps="45662"/></proof>
   </goal>
   <goal name="VC div.3.1" expl="postcondition">
   <proof prover="0" obsolete="true"><result status="timeout" time="600.00"/></proof>
   <proof prover="1"><result status="timeout" time="600.00"/></proof>
   </goal>
   <goal name="VC div.3.2" expl="postcondition" proved="true">
   <proof prover="0" obsolete="true"><result status="timeout" time="600.00"/></proof>
   <proof prover="1"><result status="valid" time="14.56" steps="22349"/></proof>
   </goal>
  </transf>
  </goal>
  <goal name="VC div.4" expl="postcondition" proved="true">
  <proof prover="1"><result status="valid" time="24.27" steps="33723"/></proof>
  <transf name="split_vc" proved="true" >
   <goal name="VC div.4.0" expl="postcondition" proved="true">
   <proof prover="0" obsolete="true"><result status="timeout" time="600.00"/></proof>
   <proof prover="1"><result status="valid" time="5.84" steps="10127"/></proof>
   </goal>
   <goal name="VC div.4.1" expl="postcondition" proved="true">
   <proof prover="0" obsolete="true"><result status="timeout" time="600.00"/></proof>
   <proof prover="1"><result status="valid" time="8.08" steps="23395"/></proof>
   </goal>
   <goal name="VC div.4.2" expl="postcondition" proved="true">
   <proof prover="0"><result status="valid" time="238.79"/></proof>
   <proof prover="1"><result status="valid" time="7.02" steps="15476"/></proof>
   </goal>
  </transf>
  </goal>
  <goal name="VC div.5" expl="postcondition" proved="true">
  <proof prover="1"><result status="valid" time="2.74" steps="6487"/></proof>
  <transf name="split_vc" proved="true" >
   <goal name="VC div.5.0" expl="postcondition" proved="true">
   <proof prover="0" obsolete="true"><result status="timeout" time="600.00"/></proof>
   <proof prover="1"><result status="valid" time="1.77" steps="3286"/></proof>
   </goal>
   <goal name="VC div.5.1" expl="postcondition" proved="true">
   <proof prover="0" obsolete="true"><result status="timeout" time="600.00"/></proof>
   <proof prover="1"><result status="valid" time="1.75" steps="4123"/></proof>
   </goal>
   <goal name="VC div.5.2" expl="postcondition" proved="true">
   <proof prover="0" obsolete="true"><result status="timeout" time="600.00"/></proof>
   <proof prover="1"><result status="valid" time="1.71" steps="3571"/></proof>
   </goal>
  </transf>
  </goal>
  <goal name="VC div.6" expl="postcondition" proved="true">
  <proof prover="1"><result status="valid" time="100.98" steps="85932"/></proof>
  <transf name="split_vc" >
   <goal name="VC div.6.0" expl="postcondition" proved="true">
   <proof prover="0" obsolete="true"><result status="timeout" time="600.00"/></proof>
   <proof prover="1"><result status="valid" time="30.37" steps="29832"/></proof>
   </goal>
   <goal name="VC div.6.1" expl="postcondition">
   <proof prover="0" obsolete="true"><result status="timeout" time="600.00"/></proof>
   <proof prover="1"><result status="timeout" time="600.00"/></proof>
   </goal>
   <goal name="VC div.6.2" expl="postcondition" proved="true">
   <proof prover="0" obsolete="true"><result status="timeout" time="600.00"/></proof>
   <proof prover="1"><result status="valid" time="6.31" steps="13434"/></proof>
   </goal>
  </transf>
  </goal>
  <goal name="VC div.7" expl="postcondition" proved="true">
  <proof prover="1"><result status="valid" time="169.13" steps="125364"/></proof>
  <transf name="split_vc" >
   <goal name="VC div.7.0" expl="postcondition">
   <proof prover="0" obsolete="true"><result status="timeout" time="600.00"/></proof>
   <proof prover="1"><result status="timeout" time="600.00"/></proof>
   </goal>
   <goal name="VC div.7.1" expl="postcondition" proved="true">
   <proof prover="0" obsolete="true"><result status="timeout" time="600.00"/></proof>
   <proof prover="1"><result status="valid" time="36.30" steps="32994"/></proof>
   </goal>
   <goal name="VC div.7.2" expl="postcondition" proved="true">
   <proof prover="0" obsolete="true"><result status="timeout" time="600.00"/></proof>
   <proof prover="1"><result status="valid" time="13.86" steps="21922"/></proof>
   </goal>
  </transf>
  </goal>
  <goal name="VC div.8" expl="exceptional postcondition" proved="true">
  <proof prover="0" obsolete="true"><result status="timeout" time="600.00"/></proof>
  <proof prover="1"><result status="valid" time="0.14" steps="471"/></proof>
  </goal>
 </transf>
 </goal>
</theory>
</file>
</why3session>
