<?xml version="1.0" encoding="UTF-8"?>
<!DOCTYPE why3session PUBLIC "-//Why3//proof session v5//EN"
"http://why3.lri.fr/why3session.dtd">
<why3session shape_version="5">
<prover id="0" name="Z3" version="4.7.1" timelimit="600" steplimit="0" memlimit="4000"/>
<prover id="1" name="Alt-Ergo" version="2.2.0" timelimit="600" steplimit="0" memlimit="4000"/>
<file name="../sub.mlw">
<theory name="Sub">
 <goal name="sub_down_positive_finite" proved="true">
 <proof prover="0"><result status="timeout" time="600.00"/></proof>
 <proof prover="1"><result status="valid" time="0.14" steps="434"/></proof>
 <transf name="split_vc" proved="true" >
  <goal name="sub_down_positive_finite.0" proved="true">
  <proof prover="0"><result status="timeout" time="600.00"/></proof>
  <proof prover="1"><result status="valid" time="0.13" steps="168"/></proof>
  </goal>
  <goal name="sub_down_positive_finite.1" proved="true">
  <proof prover="0"><result status="timeout" time="600.00"/></proof>
  <proof prover="1"><result status="valid" time="0.13" steps="168"/></proof>
  </goal>
 </transf>
 </goal>
 <goal name="sub_up_negative_finite" proved="true">
 <proof prover="0"><result status="timeout" time="600.00"/></proof>
 <proof prover="1"><result status="valid" time="0.14" steps="434"/></proof>
 <transf name="split_vc" proved="true" >
  <goal name="sub_up_negative_finite.0" proved="true">
  <proof prover="0"><result status="timeout" time="600.00"/></proof>
  <proof prover="1"><result status="valid" time="0.12" steps="168"/></proof>
  </goal>
  <goal name="sub_up_negative_finite.1" proved="true">
  <proof prover="0"><result status="timeout" time="600.00"/></proof>
  <proof prover="1"><result status="valid" time="0.12" steps="168"/></proof>
  </goal>
 </transf>
 </goal>
 <goal name="VC sub" expl="VC for sub">
 <proof prover="0"><result status="timeout" time="600.00"/></proof>
 <proof prover="1"><result status="timeout" time="600.00"/></proof>
 <transf name="split_vc" >
  <goal name="VC sub.0" expl="postcondition" proved="true">
  <proof prover="0"><result status="timeout" time="600.00"/></proof>
  <proof prover="1"><result status="valid" time="4.70" steps="17633"/></proof>
  </goal>
  <goal name="VC sub.1" expl="postcondition" proved="true">
  <proof prover="0"><result status="valid" time="0.50"/></proof>
  <proof prover="1"><result status="valid" time="0.21" steps="772"/></proof>
  </goal>
  <goal name="VC sub.2" expl="postcondition">
  <proof prover="0"><result status="timeout" time="600.00"/></proof>
  <proof prover="1"><result status="timeout" time="600.00"/></proof>
  </goal>
  <goal name="VC sub.3" expl="postcondition" proved="true">
  <proof prover="0"><result status="timeout" time="600.00"/></proof>
  <proof prover="1"><result status="valid" time="31.33" steps="55621"/></proof>
  </goal>
 </transf>
 </goal>
</theory>
</file>
</why3session>
