<?xml version="1.0" encoding="UTF-8"?>
<!DOCTYPE why3session PUBLIC "-//Why3//proof session v5//EN"
"http://why3.lri.fr/why3session.dtd">
<why3session shape_version="5">
<prover id="0" name="Z3" version="4.7.1" timelimit="600" steplimit="0" memlimit="4000"/>
<prover id="1" name="Alt-Ergo" version="2.2.0" timelimit="600" steplimit="0" memlimit="4000"/>
<file name="../interval.mlw" proved="true">
<theory name="Float64Ex" proved="true">
 <goal name="max_float_le" proved="true">
 <proof prover="0"><result status="timeout" time="600.00"/></proof>
 <proof prover="1"><result status="valid" time="0.12" steps="160"/></proof>
 </goal>
 <goal name="max_float_in_range" proved="true">
 <proof prover="0"><result status="valid" time="0.03"/></proof>
 <proof prover="1"><result status="valid" time="0.08" steps="158"/></proof>
 </goal>
 <goal name="add_up_finite" proved="true">
 <proof prover="0"><result status="valid" time="0.08"/></proof>
 <proof prover="1"><result status="valid" time="0.08" steps="161"/></proof>
 </goal>
 <goal name="add_down_finite" proved="true">
 <proof prover="0"><result status="valid" time="0.09"/></proof>
 <proof prover="1"><result status="valid" time="0.08" steps="161"/></proof>
 </goal>
 <goal name="add_up_value" proved="true">
 <proof prover="0"><result status="timeout" time="600.00"/></proof>
 <proof prover="1"><result status="valid" time="0.53" steps="2762"/></proof>
 </goal>
 <goal name="add_down_value" proved="true">
 <proof prover="0"><result status="timeout" time="600.00"/></proof>
 <proof prover="1"><result status="valid" time="0.62" steps="3357"/></proof>
 </goal>
 <goal name="sub_up_finite" proved="true">
 <proof prover="0"><result status="valid" time="0.12"/></proof>
 <proof prover="1"><result status="valid" time="0.08" steps="161"/></proof>
 </goal>
 <goal name="sub_down_finite" proved="true">
 <proof prover="0"><result status="valid" time="0.14"/></proof>
 <proof prover="1"><result status="valid" time="0.08" steps="161"/></proof>
 </goal>
 <goal name="sub_up_value" proved="true">
 <proof prover="0"><result status="valid" time="0.16"/></proof>
 <proof prover="1"><result status="valid" time="0.50" steps="2766"/></proof>
 </goal>
 <goal name="sub_down_value" proved="true">
 <proof prover="0"><result status="valid" time="0.18"/></proof>
 <proof prover="1"><result status="valid" time="0.60" steps="3363"/></proof>
 </goal>
 <goal name="mul_up_finite" proved="true">
 <proof prover="0"><result status="valid" time="0.18"/></proof>
 <proof prover="1"><result status="valid" time="0.06" steps="161"/></proof>
 </goal>
 <goal name="mul_down_finite" proved="true">
 <proof prover="0"><result status="valid" time="0.16"/></proof>
 <proof prover="1"><result status="valid" time="0.06" steps="161"/></proof>
 </goal>
 <goal name="mul_up_value" proved="true">
 <proof prover="0"><result status="timeout" time="600.00"/></proof>
 <proof prover="1"><result status="valid" time="2.42" steps="8869"/></proof>
 </goal>
 <goal name="mul_down_value" proved="true">
 <proof prover="0"><result status="timeout" time="600.00"/></proof>
 <proof prover="1"><result status="valid" time="0.52" steps="2471"/></proof>
 </goal>
 <goal name="div_up_finite" proved="true">
 <proof prover="0"><result status="valid" time="0.85"/></proof>
 <proof prover="1"><result status="valid" time="0.06" steps="163"/></proof>
 </goal>
 <goal name="div_down_finite" proved="true">
 <proof prover="0"><result status="valid" time="0.80"/></proof>
 <proof prover="1"><result status="valid" time="0.06" steps="163"/></proof>
 </goal>
 <goal name="div_up_value" proved="true">
 <proof prover="0"><result status="timeout" time="600.00"/></proof>
 <proof prover="1"><result status="valid" time="2.80" steps="10650"/></proof>
 </goal>
 <goal name="div_down_value" proved="true">
 <proof prover="0"><result status="timeout" time="600.00"/></proof>
 <proof prover="1"><result status="valid" time="3.99" steps="13068"/></proof>
 </goal>
 <goal name="min4_fle" proved="true">
 <proof prover="0" timelimit="180"><result status="valid" time="4.23"/></proof>
 <proof prover="1"><result status="valid" time="10.18" steps="42489"/></proof>
 </goal>
 <goal name="max4_fle" proved="true">
 <proof prover="0" timelimit="180"><result status="valid" time="4.60"/></proof>
 <proof prover="1"><result status="valid" time="7.30" steps="42228"/></proof>
 </goal>
 <goal name="min4_feq" proved="true">
 <proof prover="0" timelimit="180"><result status="valid" time="1.02"/></proof>
 <proof prover="1"><result status="valid" time="0.47" steps="2429"/></proof>
 </goal>
 <goal name="max4_feq" proved="true">
 <proof prover="0" timelimit="180"><result status="valid" time="0.66"/></proof>
 <proof prover="1"><result status="valid" time="0.52" steps="3303"/></proof>
 </goal>
 <goal name="min4_feq_w" proved="true">
 <proof prover="0" timelimit="180"><result status="valid" time="0.99"/></proof>
 <proof prover="1"><result status="valid" time="0.38" steps="1714"/></proof>
 </goal>
 <goal name="min4_feq_x" proved="true">
 <proof prover="0" timelimit="180"><result status="valid" time="0.98"/></proof>
 <proof prover="1"><result status="valid" time="0.38" steps="1718"/></proof>
 </goal>
 <goal name="min4_feq_y" proved="true">
 <proof prover="0" timelimit="180"><result status="valid" time="0.56"/></proof>
 <proof prover="1"><result status="valid" time="0.36" steps="2106"/></proof>
 </goal>
 <goal name="min4_feq_z" proved="true">
 <proof prover="0" timelimit="180"><result status="valid" time="0.76"/></proof>
 <proof prover="1"><result status="valid" time="0.31" steps="1575"/></proof>
 </goal>
 <goal name="max4_feq_w" proved="true">
 <proof prover="0" timelimit="180"><result status="valid" time="1.24"/></proof>
 <proof prover="1"><result status="valid" time="0.36" steps="1629"/></proof>
 </goal>
 <goal name="max4_feq_x" proved="true">
 <proof prover="0" timelimit="180"><result status="valid" time="1.10"/></proof>
 <proof prover="1"><result status="valid" time="0.38" steps="1955"/></proof>
 </goal>
 <goal name="max4_feq_y" proved="true">
 <proof prover="0" timelimit="180"><result status="valid" time="1.27"/></proof>
 <proof prover="1"><result status="valid" time="0.35" steps="1833"/></proof>
 </goal>
 <goal name="max4_feq_z" proved="true">
 <proof prover="0" timelimit="180"><result status="valid" time="0.67"/></proof>
 <proof prover="1"><result status="valid" time="0.35" steps="1716"/></proof>
 </goal>
</theory>
<theory name="Interval" proved="true">
 <goal name="valid_not_nan" proved="true">
 <proof prover="0"><result status="valid" time="0.06"/></proof>
 <proof prover="1"><result status="valid" time="0.17" steps="663"/></proof>
 </goal>
 <goal name="zeroI_valid" proved="true">
 <proof prover="0"><result status="valid" time="0.03"/></proof>
 <proof prover="1"><result status="valid" time="0.17" steps="611"/></proof>
 </goal>
 <goal name="zeroR_in_zeroI" proved="true">
 <proof prover="0"><result status="valid" time="0.03"/></proof>
 <proof prover="1"><result status="valid" time="0.12" steps="446"/></proof>
 </goal>
</theory>
</file>
</why3session>
