<?xml version="1.0" encoding="UTF-8"?>
<!DOCTYPE why3session PUBLIC "-//Why3//proof session v5//EN"
"http://why3.lri.fr/why3session.dtd">
<why3session shape_version="5">
<prover id="0" name="Z3" version="4.7.1" timelimit="600" steplimit="0" memlimit="4000"/>
<prover id="1" name="Alt-Ergo" version="2.2.0" timelimit="600" steplimit="0" memlimit="4000"/>
<file name="../mul.mlw" proved="true">
<theory name="Mul" proved="true">
 <goal name="mul_down_positive_finite" proved="true">
 <proof prover="0"><result status="timeout" time="600.00"/></proof>
 <proof prover="1"><result status="valid" time="0.15" steps="435"/></proof>
 <transf name="split_vc" proved="true" >
  <goal name="mul_down_positive_finite.0" proved="true">
  <proof prover="0"><result status="timeout" time="600.00"/></proof>
  <proof prover="1"><result status="valid" time="0.13" steps="168"/></proof>
  </goal>
  <goal name="mul_down_positive_finite.1" proved="true">
  <proof prover="0"><result status="timeout" time="600.00"/></proof>
  <proof prover="1"><result status="valid" time="0.13" steps="168"/></proof>
  </goal>
 </transf>
 </goal>
 <goal name="mul_up_negative_finite" proved="true">
 <proof prover="0"><result status="timeout" time="600.00"/></proof>
 <proof prover="1"><result status="valid" time="0.12" steps="435"/></proof>
 <transf name="split_vc" proved="true" >
  <goal name="mul_up_negative_finite.0" proved="true">
  <proof prover="0"><result status="timeout" time="600.00"/></proof>
  <proof prover="1"><result status="valid" time="0.13" steps="168"/></proof>
  </goal>
  <goal name="mul_up_negative_finite.1" proved="true">
  <proof prover="0"><result status="timeout" time="600.00"/></proof>
  <proof prover="1"><result status="valid" time="0.13" steps="168"/></proof>
  </goal>
 </transf>
 </goal>
 <goal name="VC mul" expl="VC for mul" proved="true">
 <proof prover="0"><result status="timeout" time="600.00"/></proof>
 <proof prover="1"><result status="valid" time="458.44" steps="337707"/></proof>
 <transf name="split_vc" proved="true" >
  <goal name="VC mul.0" expl="postcondition" proved="true">
  <proof prover="0"><result status="timeout" time="600.00"/></proof>
  <proof prover="1"><result status="valid" time="181.03" steps="120861"/></proof>
  <transf name="split_vc" proved="true" >
   <goal name="VC mul.0.0" expl="postcondition" proved="true">
   <proof prover="0"><result status="valid" time="0.04"/></proof>
   <proof prover="1"><result status="valid" time="0.04" steps="172"/></proof>
   </goal>
   <goal name="VC mul.0.1" expl="postcondition" proved="true">
   <proof prover="0"><result status="valid" time="0.03"/></proof>
   <proof prover="1"><result status="valid" time="0.05" steps="176"/></proof>
   </goal>
   <goal name="VC mul.0.2" expl="postcondition" proved="true">
   <proof prover="0"><result status="timeout" time="600.00"/></proof>
   <proof prover="1"><result status="valid" time="16.25" steps="28474"/></proof>
   </goal>
   <goal name="VC mul.0.3" expl="postcondition" proved="true">
   <proof prover="0"><result status="timeout" time="600.00"/></proof>
   <proof prover="1"><result status="valid" time="8.55" steps="15111"/></proof>
   </goal>
   <goal name="VC mul.0.4" expl="postcondition" proved="true">
   <proof prover="0"><result status="timeout" time="600.00"/></proof>
   <proof prover="1"><result status="valid" time="9.50" steps="18576"/></proof>
   </goal>
   <goal name="VC mul.0.5" expl="postcondition" proved="true">
   <proof prover="0"><result status="valid" time="0.03"/></proof>
   <proof prover="1"><result status="valid" time="0.05" steps="176"/></proof>
   </goal>
   <goal name="VC mul.0.6" expl="postcondition" proved="true">
   <proof prover="0"><result status="timeout" time="600.00"/></proof>
   <proof prover="1"><result status="valid" time="4.56" steps="16420"/></proof>
   </goal>
   <goal name="VC mul.0.7" expl="postcondition" proved="true">
   <proof prover="0"><result status="timeout" time="600.00"/></proof>
   <proof prover="1"><result status="valid" time="12.29" steps="20744"/></proof>
   </goal>
   <goal name="VC mul.0.8" expl="postcondition" proved="true">
   <proof prover="0"><result status="timeout" time="600.00"/></proof>
   <proof prover="1"><result status="valid" time="7.83" steps="15962"/></proof>
   </goal>
   <goal name="VC mul.0.9" expl="postcondition" proved="true">
   <proof prover="0"><result status="valid" time="0.03"/></proof>
   <proof prover="1"><result status="valid" time="0.06" steps="176"/></proof>
   </goal>
   <goal name="VC mul.0.10" expl="postcondition" proved="true">
   <proof prover="0"><result status="timeout" time="600.00"/></proof>
   <proof prover="1"><result status="valid" time="9.47" steps="18027"/></proof>
   </goal>
   <goal name="VC mul.0.11" expl="postcondition" proved="true">
   <proof prover="0"><result status="timeout" time="600.00"/></proof>
   <proof prover="1"><result status="valid" time="9.03" steps="18187"/></proof>
   </goal>
   <goal name="VC mul.0.12" expl="postcondition" proved="true">
   <proof prover="0"><result status="timeout" time="600.00"/></proof>
   <proof prover="1"><result status="valid" time="11.99" steps="18081"/></proof>
   <transf name="split_vc" proved="true" >
    <goal name="VC mul.0.12.0" expl="postcondition" proved="true">
    <proof prover="0"><result status="timeout" time="600.00"/></proof>
    <proof prover="1"><result status="valid" time="18.78" steps="20847"/></proof>
    <transf name="split_vc" proved="true" >
     <goal name="VC mul.0.12.0.0" expl="postcondition" proved="true">
     <proof prover="0"><result status="valid" time="3.58"/></proof>
     <proof prover="1"><result status="valid" time="0.65" steps="3210"/></proof>
     </goal>
     <goal name="VC mul.0.12.0.1" expl="postcondition" proved="true">
     <proof prover="0"><result status="timeout" time="600.00"/></proof>
     <proof prover="1"><result status="valid" time="6.46" steps="8247"/></proof>
     </goal>
    </transf>
    </goal>
    <goal name="VC mul.0.12.1" expl="postcondition" proved="true">
    <proof prover="0"><result status="timeout" time="600.00"/></proof>
    <proof prover="1"><result status="valid" time="3.16" steps="9925"/></proof>
    <transf name="split_vc" proved="true" >
     <goal name="VC mul.0.12.1.0" expl="postcondition" proved="true">
     <proof prover="0"><result status="timeout" time="600.00"/></proof>
     <proof prover="1"><result status="valid" time="2.02" steps="5631"/></proof>
     </goal>
     <goal name="VC mul.0.12.1.1" expl="postcondition" proved="true">
     <proof prover="0"><result status="timeout" time="600.00"/></proof>
     <proof prover="1"><result status="valid" time="14.39" steps="22931"/></proof>
     </goal>
    </transf>
    </goal>
   </transf>
   </goal>
  </transf>
  </goal>
  <goal name="VC mul.1" expl="postcondition" proved="true">
  <proof prover="0"><result status="timeout" time="600.00"/></proof>
  <proof prover="1"><result status="valid" time="7.84" steps="19711"/></proof>
  <transf name="split_vc" proved="true" >
   <goal name="VC mul.1.0" expl="postcondition" proved="true">
   <proof prover="0"><result status="timeout" time="826.00"/></proof>
   <proof prover="1"><result status="valid" time="0.50" steps="2410"/></proof>
   </goal>
   <goal name="VC mul.1.1" expl="postcondition" proved="true">
   <proof prover="0"><result status="timeout" time="600.00"/></proof>
   <proof prover="1"><result status="valid" time="0.58" steps="2617"/></proof>
   </goal>
   <goal name="VC mul.1.2" expl="postcondition" proved="true">
   <proof prover="0"><result status="timeout" time="600.00"/></proof>
   <proof prover="1"><result status="valid" time="0.98" steps="3961"/></proof>
   </goal>
   <goal name="VC mul.1.3" expl="postcondition" proved="true">
   <proof prover="0"><result status="timeout" time="600.00"/></proof>
   <proof prover="1"><result status="valid" time="0.98" steps="4348"/></proof>
   </goal>
   <goal name="VC mul.1.4" expl="postcondition" proved="true">
   <proof prover="0"><result status="timeout" time="600.00"/></proof>
   <proof prover="1"><result status="valid" time="0.87" steps="3629"/></proof>
   </goal>
   <goal name="VC mul.1.5" expl="postcondition" proved="true">
   <proof prover="0"><result status="timeout" time="600.00"/></proof>
   <proof prover="1"><result status="valid" time="0.52" steps="2699"/></proof>
   </goal>
   <goal name="VC mul.1.6" expl="postcondition" proved="true">
   <proof prover="0"><result status="timeout" time="600.00"/></proof>
   <proof prover="1"><result status="valid" time="0.85" steps="3911"/></proof>
   </goal>
   <goal name="VC mul.1.7" expl="postcondition" proved="true">
   <proof prover="0"><result status="timeout" time="600.00"/></proof>
   <proof prover="1"><result status="valid" time="1.07" steps="4261"/></proof>
   </goal>
   <goal name="VC mul.1.8" expl="postcondition" proved="true">
   <proof prover="0"><result status="timeout" time="600.00"/></proof>
   <proof prover="1"><result status="valid" time="0.91" steps="4048"/></proof>
   </goal>
   <goal name="VC mul.1.9" expl="postcondition" proved="true">
   <proof prover="0"><result status="timeout" time="600.00"/></proof>
   <proof prover="1"><result status="valid" time="0.51" steps="2435"/></proof>
   </goal>
   <goal name="VC mul.1.10" expl="postcondition" proved="true">
   <proof prover="0"><result status="timeout" time="600.00"/></proof>
   <proof prover="1"><result status="valid" time="0.89" steps="3764"/></proof>
   </goal>
   <goal name="VC mul.1.11" expl="postcondition" proved="true">
   <proof prover="0"><result status="timeout" time="600.00"/></proof>
   <proof prover="1"><result status="valid" time="0.90" steps="4109"/></proof>
   </goal>
   <goal name="VC mul.1.12" expl="postcondition" proved="true">
   <proof prover="0"><result status="timeout" time="600.00"/></proof>
   <proof prover="1"><result status="valid" time="2.16" steps="8484"/></proof>
   <transf name="split_vc" proved="true" >
    <goal name="VC mul.1.12.0" expl="postcondition" proved="true">
    <proof prover="0"><result status="timeout" time="600.00"/></proof>
    <proof prover="1"><result status="valid" time="1.64" steps="6411"/></proof>
    <transf name="split_vc" proved="true" >
     <goal name="VC mul.1.12.0.0" expl="postcondition" proved="true">
     <proof prover="0"><result status="timeout" time="600.00"/></proof>
     <proof prover="1"><result status="valid" time="1.28" steps="5376"/></proof>
     </goal>
     <goal name="VC mul.1.12.0.1" expl="postcondition" proved="true">
     <proof prover="0"><result status="timeout" time="600.00"/></proof>
     <proof prover="1"><result status="valid" time="1.30" steps="6094"/></proof>
     </goal>
    </transf>
    </goal>
    <goal name="VC mul.1.12.1" expl="postcondition" proved="true">
    <proof prover="0"><result status="timeout" time="600.00"/></proof>
    <proof prover="1"><result status="valid" time="2.02" steps="7858"/></proof>
    <transf name="split_vc" proved="true" >
     <goal name="VC mul.1.12.1.0" expl="postcondition" proved="true">
     <proof prover="0"><result status="timeout" time="600.00"/></proof>
     <proof prover="1"><result status="valid" time="1.48" steps="6219"/></proof>
     </goal>
     <goal name="VC mul.1.12.1.1" expl="postcondition" proved="true">
     <proof prover="0"><result status="timeout" time="600.00"/></proof>
     <proof prover="1"><result status="valid" time="1.32" steps="5841"/></proof>
     </goal>
    </transf>
    </goal>
   </transf>
   </goal>
  </transf>
  </goal>
  <goal name="VC mul.2" expl="postcondition" proved="true">
  <proof prover="0"><result status="valid" time="1.20"/></proof>
  <proof prover="1"><result status="valid" time="0.30" steps="1176"/></proof>
  <transf name="split_vc" proved="true" >
   <goal name="VC mul.2.0" expl="postcondition" proved="true">
   <proof prover="0"><result status="valid" time="1.32"/></proof>
   <proof prover="1"><result status="valid" time="0.42" steps="1544"/></proof>
   <transf name="split_vc" proved="true" >
    <goal name="VC mul.2.0.0" expl="postcondition" proved="true">
    <proof prover="0"><result status="valid" time="0.02"/></proof>
    <proof prover="1"><result status="valid" time="0.06" steps="177"/></proof>
    </goal>
    <goal name="VC mul.2.0.1" expl="postcondition" proved="true">
    <proof prover="0"><result status="valid" time="0.02"/></proof>
    <proof prover="1"><result status="valid" time="0.04" steps="181"/></proof>
    </goal>
    <goal name="VC mul.2.0.2" expl="postcondition" proved="true">
    <proof prover="0"><result status="valid" time="253.41"/></proof>
    <proof prover="1"><result status="valid" time="0.14" steps="548"/></proof>
    </goal>
    <goal name="VC mul.2.0.3" expl="postcondition" proved="true">
    <proof prover="0"><result status="valid" time="59.62"/></proof>
    <proof prover="1"><result status="valid" time="0.20" steps="546"/></proof>
    </goal>
    <goal name="VC mul.2.0.4" expl="postcondition" proved="true">
    <proof prover="0"><result status="valid" time="7.54"/></proof>
    <proof prover="1"><result status="valid" time="0.19" steps="535"/></proof>
    </goal>
    <goal name="VC mul.2.0.5" expl="postcondition" proved="true">
    <proof prover="0"><result status="valid" time="0.01"/></proof>
    <proof prover="1"><result status="valid" time="0.04" steps="181"/></proof>
    </goal>
    <goal name="VC mul.2.0.6" expl="postcondition" proved="true">
    <proof prover="0"><result status="valid" time="338.86"/></proof>
    <proof prover="1"><result status="valid" time="0.14" steps="546"/></proof>
    </goal>
    <goal name="VC mul.2.0.7" expl="postcondition" proved="true">
    <proof prover="0"><result status="valid" time="14.76"/></proof>
    <proof prover="1"><result status="valid" time="0.19" steps="544"/></proof>
    </goal>
    <goal name="VC mul.2.0.8" expl="postcondition" proved="true">
    <proof prover="0"><result status="valid" time="32.50"/></proof>
    <proof prover="1"><result status="valid" time="0.15" steps="534"/></proof>
    </goal>
    <goal name="VC mul.2.0.9" expl="postcondition" proved="true">
    <proof prover="0"><result status="valid" time="0.02"/></proof>
    <proof prover="1"><result status="valid" time="0.04" steps="181"/></proof>
    </goal>
    <goal name="VC mul.2.0.10" expl="postcondition" proved="true">
    <proof prover="0"><result status="valid" time="10.50"/></proof>
    <proof prover="1"><result status="valid" time="0.14" steps="535"/></proof>
    </goal>
    <goal name="VC mul.2.0.11" expl="postcondition" proved="true">
    <proof prover="0"><result status="valid" time="52.42"/></proof>
    <proof prover="1"><result status="valid" time="0.18" steps="534"/></proof>
    </goal>
    <goal name="VC mul.2.0.12" expl="postcondition" proved="true">
    <proof prover="0"><result status="valid" time="0.70"/></proof>
    <proof prover="1"><result status="valid" time="0.18" steps="548"/></proof>
    <transf name="split_vc" proved="true" >
     <goal name="VC mul.2.0.12.0" expl="postcondition" proved="true">
     <proof prover="0"><result status="valid" time="0.53"/></proof>
     <proof prover="1"><result status="valid" time="0.20" steps="544"/></proof>
     <transf name="split_vc" proved="true" >
      <goal name="VC mul.2.0.12.0.0" expl="postcondition" proved="true">
      <proof prover="0"><result status="valid" time="0.52"/></proof>
      <proof prover="1"><result status="valid" time="0.18" steps="548"/></proof>
      </goal>
      <goal name="VC mul.2.0.12.0.1" expl="postcondition" proved="true">
      <proof prover="0"><result status="valid" time="0.54"/></proof>
      <proof prover="1"><result status="valid" time="0.18" steps="545"/></proof>
      </goal>
     </transf>
     </goal>
     <goal name="VC mul.2.0.12.1" expl="postcondition" proved="true">
     <proof prover="0"><result status="valid" time="64.76"/></proof>
     <proof prover="1"><result status="valid" time="0.19" steps="542"/></proof>
     <transf name="split_vc" proved="true" >
      <goal name="VC mul.2.0.12.1.0" expl="postcondition" proved="true">
      <proof prover="0"><result status="valid" time="0.52"/></proof>
      <proof prover="1"><result status="valid" time="0.18" steps="546"/></proof>
      </goal>
      <goal name="VC mul.2.0.12.1.1" expl="postcondition" proved="true">
      <proof prover="0"><result status="timeout" time="600.00"/></proof>
      <proof prover="1"><result status="valid" time="0.19" steps="543"/></proof>
      </goal>
     </transf>
     </goal>
    </transf>
    </goal>
   </transf>
   </goal>
   <goal name="VC mul.2.1" expl="postcondition" proved="true">
   <proof prover="0"><result status="valid" time="1.44"/></proof>
   <proof prover="1"><result status="valid" time="0.41" steps="1445"/></proof>
   <transf name="split_vc" proved="true" >
    <goal name="VC mul.2.1.0" expl="postcondition" proved="true">
    <proof prover="0"><result status="valid" time="0.03"/></proof>
    <proof prover="1"><result status="valid" time="0.04" steps="177"/></proof>
    </goal>
    <goal name="VC mul.2.1.1" expl="postcondition" proved="true">
    <proof prover="0"><result status="valid" time="0.03"/></proof>
    <proof prover="1"><result status="valid" time="0.05" steps="181"/></proof>
    </goal>
    <goal name="VC mul.2.1.2" expl="postcondition" proved="true">
    <proof prover="0"><result status="failure" time="0.00"/></proof>
    <proof prover="1"><result status="valid" time="0.19" steps="548"/></proof>
    </goal>
    <goal name="VC mul.2.1.3" expl="postcondition" proved="true">
    <proof prover="0"><result status="valid" time="57.42"/></proof>
    <proof prover="1"><result status="valid" time="0.20" steps="546"/></proof>
    </goal>
    <goal name="VC mul.2.1.4" expl="postcondition" proved="true">
    <proof prover="0"><result status="valid" time="7.78"/></proof>
    <proof prover="1"><result status="valid" time="0.20" steps="535"/></proof>
    </goal>
    <goal name="VC mul.2.1.5" expl="postcondition" proved="true">
    <proof prover="0"><result status="valid" time="0.03"/></proof>
    <proof prover="1"><result status="valid" time="0.06" steps="181"/></proof>
    </goal>
    <goal name="VC mul.2.1.6" expl="postcondition" proved="true">
    <proof prover="0"><result status="valid" time="564.13"/></proof>
    <proof prover="1"><result status="valid" time="0.20" steps="546"/></proof>
    </goal>
    <goal name="VC mul.2.1.7" expl="postcondition" proved="true">
    <proof prover="0"><result status="valid" time="15.36"/></proof>
    <proof prover="1"><result status="valid" time="0.18" steps="544"/></proof>
    </goal>
    <goal name="VC mul.2.1.8" expl="postcondition" proved="true">
    <proof prover="0"><result status="valid" time="25.02"/></proof>
    <proof prover="1"><result status="valid" time="0.20" steps="534"/></proof>
    </goal>
    <goal name="VC mul.2.1.9" expl="postcondition" proved="true">
    <proof prover="0"><result status="valid" time="0.04"/></proof>
    <proof prover="1"><result status="valid" time="0.04" steps="181"/></proof>
    </goal>
    <goal name="VC mul.2.1.10" expl="postcondition" proved="true">
    <proof prover="0"><result status="valid" time="10.71"/></proof>
    <proof prover="1"><result status="valid" time="0.19" steps="535"/></proof>
    </goal>
    <goal name="VC mul.2.1.11" expl="postcondition" proved="true">
    <proof prover="0"><result status="valid" time="181.38"/></proof>
    <proof prover="1"><result status="valid" time="0.22" steps="534"/></proof>
    </goal>
    <goal name="VC mul.2.1.12" expl="postcondition" proved="true">
    <proof prover="0"><result status="valid" time="0.76"/></proof>
    <proof prover="1"><result status="valid" time="0.18" steps="548"/></proof>
    <transf name="split_vc" proved="true" >
     <goal name="VC mul.2.1.12.0" expl="postcondition" proved="true">
     <proof prover="0"><result status="valid" time="0.54"/></proof>
     <proof prover="1"><result status="valid" time="0.20" steps="544"/></proof>
     <transf name="split_vc" proved="true" >
      <goal name="VC mul.2.1.12.0.0" expl="postcondition" proved="true">
      <proof prover="0"><result status="valid" time="0.52"/></proof>
      <proof prover="1"><result status="valid" time="0.20" steps="548"/></proof>
      </goal>
      <goal name="VC mul.2.1.12.0.1" expl="postcondition" proved="true">
      <proof prover="0"><result status="valid" time="0.53"/></proof>
      <proof prover="1"><result status="valid" time="0.19" steps="546"/></proof>
      </goal>
     </transf>
     </goal>
     <goal name="VC mul.2.1.12.1" expl="postcondition" proved="true">
     <proof prover="0"><result status="valid" time="66.05"/></proof>
     <proof prover="1"><result status="valid" time="0.20" steps="545"/></proof>
     <transf name="split_vc" proved="true" >
      <goal name="VC mul.2.1.12.1.0" expl="postcondition" proved="true">
      <proof prover="0"><result status="valid" time="0.48"/></proof>
      <proof prover="1"><result status="valid" time="0.20" steps="545"/></proof>
      </goal>
      <goal name="VC mul.2.1.12.1.1" expl="postcondition" proved="true">
      <proof prover="0"><result status="timeout" time="600.00"/></proof>
      <proof prover="1"><result status="valid" time="0.18" steps="543"/></proof>
      </goal>
     </transf>
     </goal>
    </transf>
    </goal>
   </transf>
   </goal>
  </transf>
  </goal>
  <goal name="VC mul.3" expl="postcondition" proved="true">
  <proof prover="0"><result status="timeout" time="600.00"/></proof>
  <proof prover="1"><result status="valid" time="101.54" steps="123730"/></proof>
  <transf name="split_vc" proved="true" >
   <goal name="VC mul.3.0" expl="postcondition" proved="true">
   <proof prover="0"><result status="valid" time="16.18"/></proof>
   <proof prover="1"><result status="valid" time="1.45" steps="5488"/></proof>
   </goal>
   <goal name="VC mul.3.1" expl="postcondition" proved="true">
   <proof prover="0"><result status="valid" time="8.95"/></proof>
   <proof prover="1"><result status="valid" time="1.43" steps="5758"/></proof>
   </goal>
   <goal name="VC mul.3.2" expl="postcondition" proved="true">
   <proof prover="0"><result status="timeout" time="600.00"/></proof>
   <proof prover="1"><result status="valid" time="32.08" steps="67605"/></proof>
   </goal>
   <goal name="VC mul.3.3" expl="postcondition" proved="true">
   <proof prover="0"><result status="timeout" time="600.00"/></proof>
   <proof prover="1"><result status="valid" time="14.50" steps="18785"/></proof>
   </goal>
   <goal name="VC mul.3.4" expl="postcondition" proved="true">
   <proof prover="0"><result status="timeout" time="600.00"/></proof>
   <proof prover="1"><result status="valid" time="4.79" steps="15474"/></proof>
   </goal>
   <goal name="VC mul.3.5" expl="postcondition" proved="true">
   <proof prover="0"><result status="valid" time="4.89"/></proof>
   <proof prover="1"><result status="valid" time="1.13" steps="4401"/></proof>
   </goal>
   <goal name="VC mul.3.6" expl="postcondition" proved="true">
   <proof prover="0"><result status="timeout" time="600.00"/></proof>
   <proof prover="1"><result status="valid" time="18.65" steps="28149"/></proof>
   </goal>
   <goal name="VC mul.3.7" expl="postcondition" proved="true">
   <proof prover="0"><result status="timeout" time="600.00"/></proof>
   <proof prover="1"><result status="valid" time="39.11" steps="62426"/></proof>
   </goal>
   <goal name="VC mul.3.8" expl="postcondition" proved="true">
   <proof prover="0"><result status="timeout" time="600.00"/></proof>
   <proof prover="1"><result status="valid" time="9.17" steps="16483"/></proof>
   </goal>
   <goal name="VC mul.3.9" expl="postcondition" proved="true">
   <proof prover="0"><result status="valid" time="5.70"/></proof>
   <proof prover="1"><result status="valid" time="1.26" steps="4701"/></proof>
   </goal>
   <goal name="VC mul.3.10" expl="postcondition" proved="true">
   <proof prover="0"><result status="timeout" time="600.00"/></proof>
   <proof prover="1"><result status="valid" time="13.52" steps="32484"/></proof>
   </goal>
   <goal name="VC mul.3.11" expl="postcondition" proved="true">
   <proof prover="0"><result status="timeout" time="600.00"/></proof>
   <proof prover="1"><result status="valid" time="7.22" steps="17585"/></proof>
   </goal>
   <goal name="VC mul.3.12" expl="postcondition" proved="true">
   <proof prover="0"><result status="timeout" time="600.00"/></proof>
   <proof prover="1"><result status="valid" time="1.98" steps="6016"/></proof>
   <transf name="split_vc" proved="true" >
    <goal name="VC mul.3.12.0" expl="postcondition" proved="true">
    <proof prover="0"><result status="timeout" time="600.00"/></proof>
    <proof prover="1"><result status="valid" time="1.81" steps="5244"/></proof>
    <transf name="split_vc" proved="true" >
     <goal name="VC mul.3.12.0.0" expl="postcondition" proved="true">
     <proof prover="0"><result status="timeout" time="600.00"/></proof>
     <proof prover="1"><result status="valid" time="2.00" steps="5348"/></proof>
     </goal>
     <goal name="VC mul.3.12.0.1" expl="postcondition" proved="true">
     <proof prover="0"><result status="timeout" time="600.00"/></proof>
     <proof prover="1"><result status="valid" time="1.78" steps="6569"/></proof>
     </goal>
    </transf>
    </goal>
    <goal name="VC mul.3.12.1" expl="postcondition" proved="true">
    <proof prover="0"><result status="timeout" time="600.00"/></proof>
    <proof prover="1"><result status="valid" time="1.48" steps="5292"/></proof>
    <transf name="split_vc" proved="true" >
     <goal name="VC mul.3.12.1.0" expl="postcondition" proved="true">
     <proof prover="0"><result status="timeout" time="600.00"/></proof>
     <proof prover="1"><result status="valid" time="1.68" steps="6087"/></proof>
     </goal>
     <goal name="VC mul.3.12.1.1" expl="postcondition" proved="true">
     <proof prover="0"><result status="timeout" time="600.00"/></proof>
     <proof prover="1"><result status="valid" time="2.00" steps="6643"/></proof>
     </goal>
    </transf>
    </goal>
   </transf>
   </goal>
  </transf>
  </goal>
  <goal name="VC mul.4" expl="postcondition" proved="true">
  <proof prover="0"><result status="timeout" time="600.00"/></proof>
  <proof prover="1"><result status="valid" time="100.35" steps="146980"/></proof>
  <transf name="split_vc" proved="true" >
   <goal name="VC mul.4.0" expl="postcondition" proved="true">
   <proof prover="0"><result status="valid" time="3.73"/></proof>
   <proof prover="1"><result status="valid" time="2.42" steps="7552"/></proof>
   </goal>
   <goal name="VC mul.4.1" expl="postcondition" proved="true">
   <proof prover="0"><result status="valid" time="4.20"/></proof>
   <proof prover="1"><result status="valid" time="3.01" steps="6557"/></proof>
   </goal>
   <goal name="VC mul.4.2" expl="postcondition" proved="true">
   <proof prover="0"><result status="timeout" time="600.00"/></proof>
   <proof prover="1"><result status="valid" time="26.10" steps="35810"/></proof>
   </goal>
   <goal name="VC mul.4.3" expl="postcondition" proved="true">
   <proof prover="0"><result status="timeout" time="600.00"/></proof>
   <proof prover="1"><result status="valid" time="43.26" steps="74610"/></proof>
   </goal>
   <goal name="VC mul.4.4" expl="postcondition" proved="true">
   <proof prover="0"><result status="timeout" time="600.00"/></proof>
   <proof prover="1"><result status="valid" time="12.04" steps="24236"/></proof>
   </goal>
   <goal name="VC mul.4.5" expl="postcondition" proved="true">
   <proof prover="0"><result status="valid" time="9.31"/></proof>
   <proof prover="1"><result status="valid" time="2.76" steps="6924"/></proof>
   </goal>
   <goal name="VC mul.4.6" expl="postcondition" proved="true">
   <proof prover="0"><result status="timeout" time="600.00"/></proof>
   <proof prover="1"><result status="valid" time="47.76" steps="75208"/></proof>
   </goal>
   <goal name="VC mul.4.7" expl="postcondition" proved="true">
   <proof prover="0"><result status="timeout" time="600.00"/></proof>
   <proof prover="1"><result status="valid" time="79.69" steps="56967"/></proof>
   </goal>
   <goal name="VC mul.4.8" expl="postcondition" proved="true">
   <proof prover="0"><result status="timeout" time="600.00"/></proof>
   <proof prover="1"><result status="valid" time="28.06" steps="37722"/></proof>
   </goal>
   <goal name="VC mul.4.9" expl="postcondition" proved="true">
   <proof prover="0"><result status="valid" time="15.00"/></proof>
   <proof prover="1"><result status="valid" time="2.04" steps="6007"/></proof>
   </goal>
   <goal name="VC mul.4.10" expl="postcondition" proved="true">
   <proof prover="0"><result status="timeout" time="600.00"/></proof>
   <proof prover="1"><result status="valid" time="26.84" steps="27395"/></proof>
   </goal>
   <goal name="VC mul.4.11" expl="postcondition" proved="true">
   <proof prover="0"><result status="timeout" time="600.00"/></proof>
   <proof prover="1"><result status="valid" time="10.84" steps="25932"/></proof>
   </goal>
   <goal name="VC mul.4.12" expl="postcondition" proved="true">
   <proof prover="0"><result status="timeout" time="600.00"/></proof>
   <proof prover="1"><result status="valid" time="3.53" steps="14089"/></proof>
   <transf name="split_vc" proved="true" >
    <goal name="VC mul.4.12.0" expl="postcondition" proved="true">
    <proof prover="0"><result status="timeout" time="600.00"/></proof>
    <proof prover="1"><result status="valid" time="3.11" steps="11387"/></proof>
    <transf name="split_vc" proved="true" >
     <goal name="VC mul.4.12.0.0" expl="postcondition" proved="true">
     <proof prover="0"><result status="timeout" time="600.00"/></proof>
     <proof prover="1"><result status="valid" time="1.79" steps="5696"/></proof>
     </goal>
     <goal name="VC mul.4.12.0.1" expl="postcondition" proved="true">
     <proof prover="0"><result status="valid" time="7.82"/></proof>
     <proof prover="1"><result status="valid" time="2.21" steps="7686"/></proof>
     </goal>
    </transf>
    </goal>
    <goal name="VC mul.4.12.1" expl="postcondition" proved="true">
    <proof prover="0"><result status="timeout" time="600.00"/></proof>
    <proof prover="1"><result status="valid" time="3.43" steps="13289"/></proof>
    <transf name="split_vc" proved="true" >
     <goal name="VC mul.4.12.1.0" expl="postcondition" proved="true">
     <proof prover="0"><result status="valid" time="8.86"/></proof>
     <proof prover="1"><result status="valid" time="1.63" steps="5670"/></proof>
     </goal>
     <goal name="VC mul.4.12.1.1" expl="postcondition" proved="true">
     <proof prover="0"><result status="timeout" time="600.00"/></proof>
     <proof prover="1"><result status="valid" time="2.08" steps="7575"/></proof>
     </goal>
    </transf>
    </goal>
   </transf>
   </goal>
  </transf>
  </goal>
 </transf>
 </goal>
</theory>
</file>
</why3session>
