<?xml version="1.0" encoding="UTF-8"?>
<!DOCTYPE why3session PUBLIC "-//Why3//proof session v5//EN"
"http://why3.lri.fr/why3session.dtd">
<why3session shape_version="5">
<prover id="0" name="Z3" version="4.7.1" timelimit="600" steplimit="0" memlimit="4000"/>
<prover id="1" name="Alt-Ergo" version="2.2.0" timelimit="600" steplimit="0" memlimit="4000"/>
<file name="../mul.mlw" proved="true">
<theory name="Mul" proved="true">
 <goal name="mul_down_positive_finite" proved="true">
 <proof prover="0"><result status="timeout" time="600.00"/></proof>
 <proof prover="1"><result status="valid" time="0.15" steps="435"/></proof>
 <transf name="split_vc" proved="true" >
  <goal name="mul_down_positive_finite.0" proved="true">
  <proof prover="0" obsolete="true"><result status="timeout" time="600.00"/></proof>
  <proof prover="1"><result status="valid" time="0.13" steps="168"/></proof>
  </goal>
  <goal name="mul_down_positive_finite.1" proved="true">
  <proof prover="0" obsolete="true"><result status="timeout" time="600.00"/></proof>
  <proof prover="1"><result status="valid" time="0.13" steps="168"/></proof>
  </goal>
 </transf>
 </goal>
 <goal name="mul_up_negative_finite" proved="true">
 <proof prover="0"><result status="timeout" time="600.00"/></proof>
 <proof prover="1"><result status="valid" time="0.12" steps="435"/></proof>
 <transf name="split_vc" proved="true" >
  <goal name="mul_up_negative_finite.0" proved="true">
  <proof prover="0" obsolete="true"><result status="timeout" time="600.00"/></proof>
  <proof prover="1"><result status="valid" time="0.13" steps="168"/></proof>
  </goal>
  <goal name="mul_up_negative_finite.1" proved="true">
  <proof prover="0" obsolete="true"><result status="timeout" time="600.00"/></proof>
  <proof prover="1"><result status="valid" time="0.13" steps="168"/></proof>
  </goal>
 </transf>
 </goal>
 <goal name="VC mul" expl="VC for mul" proved="true">
 <proof prover="0"><result status="timeout" time="600.00"/></proof>
 <proof prover="1"><result status="valid" time="379.56" steps="342738"/></proof>
 <transf name="split_vc" proved="true" >
  <goal name="VC mul.0" expl="postcondition" proved="true">
  <proof prover="0"><result status="timeout" time="600.00"/></proof>
  <proof prover="1"><result status="valid" time="329.85" steps="150517"/></proof>
  <transf name="split_vc" proved="true" >
   <goal name="VC mul.0.0" expl="postcondition" proved="true">
   <proof prover="0"><result status="valid" time="0.04"/></proof>
   <proof prover="1"><result status="valid" time="0.05" steps="172"/></proof>
   </goal>
   <goal name="VC mul.0.1" expl="postcondition" proved="true">
   <proof prover="0"><result status="valid" time="0.03"/></proof>
   <proof prover="1"><result status="valid" time="0.05" steps="176"/></proof>
   </goal>
   <goal name="VC mul.0.2" expl="postcondition" proved="true">
   <proof prover="0"><result status="timeout" time="600.00"/></proof>
   <proof prover="1"><result status="valid" time="11.70" steps="23077"/></proof>
   </goal>
   <goal name="VC mul.0.3" expl="postcondition" proved="true">
   <proof prover="0"><result status="timeout" time="600.00"/></proof>
   <proof prover="1"><result status="valid" time="8.55" steps="17932"/></proof>
   </goal>
   <goal name="VC mul.0.4" expl="postcondition" proved="true">
   <proof prover="0"><result status="timeout" time="600.00"/></proof>
   <proof prover="1"><result status="valid" time="2.14" steps="9756"/></proof>
   </goal>
   <goal name="VC mul.0.5" expl="postcondition" proved="true">
   <proof prover="0"><result status="valid" time="0.03"/></proof>
   <proof prover="1"><result status="valid" time="0.05" steps="176"/></proof>
   </goal>
   <goal name="VC mul.0.6" expl="postcondition" proved="true">
   <proof prover="0"><result status="timeout" time="600.00"/></proof>
   <proof prover="1"><result status="valid" time="3.79" steps="14766"/></proof>
   </goal>
   <goal name="VC mul.0.7" expl="postcondition" proved="true">
   <proof prover="0"><result status="timeout" time="600.00"/></proof>
   <proof prover="1"><result status="valid" time="14.50" steps="24802"/></proof>
   </goal>
   <goal name="VC mul.0.8" expl="postcondition" proved="true">
   <proof prover="0"><result status="timeout" time="600.00"/></proof>
   <proof prover="1"><result status="valid" time="10.68" steps="18595"/></proof>
   </goal>
   <goal name="VC mul.0.9" expl="postcondition" proved="true">
   <proof prover="0"><result status="valid" time="0.03"/></proof>
   <proof prover="1"><result status="valid" time="0.06" steps="176"/></proof>
   </goal>
   <goal name="VC mul.0.10" expl="postcondition" proved="true">
   <proof prover="0"><result status="timeout" time="600.00"/></proof>
   <proof prover="1"><result status="valid" time="9.47" steps="20818"/></proof>
   </goal>
   <goal name="VC mul.0.11" expl="postcondition" proved="true">
   <proof prover="0"><result status="timeout" time="600.00"/></proof>
   <proof prover="1"><result status="valid" time="7.80" steps="17341"/></proof>
   </goal>
   <goal name="VC mul.0.12" expl="postcondition" proved="true">
   <proof prover="0"><result status="timeout" time="600.00"/></proof>
   <proof prover="1"><result status="valid" time="2.74" steps="11444"/></proof>
   <transf name="split_vc" proved="true" >
    <goal name="VC mul.0.12.0" expl="postcondition" proved="true">
    <proof prover="0"><result status="timeout" time="600.00"/></proof>
    <transf name="split_vc" proved="true" >
     <goal name="VC mul.0.12.0.0" expl="postcondition" proved="true">
     <proof prover="0"><result status="valid" time="133.80"/></proof>
     <proof prover="1"><result status="valid" time="0.65" steps="3191"/></proof>
     </goal>
     <goal name="VC mul.0.12.0.1" expl="postcondition" proved="true">
     <proof prover="0"><result status="timeout" time="600.00"/></proof>
     <proof prover="1"><result status="valid" time="5.24" steps="7272"/></proof>
     </goal>
    </transf>
    </goal>
    <goal name="VC mul.0.12.1" expl="postcondition" proved="true">
    <proof prover="0"><result status="timeout" time="600.00"/></proof>
    <proof prover="1"><result status="valid" time="2.22" steps="9171"/></proof>
    <transf name="split_vc" proved="true" >
     <goal name="VC mul.0.12.1.0" expl="postcondition" proved="true">
     <proof prover="0"><result status="timeout" time="600.00"/></proof>
     <proof prover="1"><result status="valid" time="2.07" steps="6137"/></proof>
     </goal>
     <goal name="VC mul.0.12.1.1" expl="postcondition" proved="true">
     <proof prover="0"><result status="timeout" time="600.00"/></proof>
     <proof prover="1"><result status="valid" time="11.90" steps="21596"/></proof>
     </goal>
    </transf>
    </goal>
   </transf>
   </goal>
  </transf>
  </goal>
  <goal name="VC mul.1" expl="postcondition" proved="true">
  <proof prover="0"><result status="timeout" time="600.00"/></proof>
  <proof prover="1"><result status="valid" time="7.84" steps="19981"/></proof>
  <transf name="split_vc" proved="true" >
   <goal name="VC mul.1.0" expl="postcondition" proved="true">
   <proof prover="0"><result status="outofmemory" time="412.39"/></proof>
   <proof prover="1"><result status="valid" time="0.50" steps="2403"/></proof>
   </goal>
   <goal name="VC mul.1.1" expl="postcondition" proved="true">
   <proof prover="0"><result status="timeout" time="600.00"/></proof>
   <proof prover="1"><result status="valid" time="0.58" steps="2615"/></proof>
   </goal>
   <goal name="VC mul.1.2" expl="postcondition" proved="true">
   <proof prover="0"><result status="timeout" time="600.00"/></proof>
   <proof prover="1"><result status="valid" time="0.98" steps="3920"/></proof>
   </goal>
   <goal name="VC mul.1.3" expl="postcondition" proved="true">
   <proof prover="0"><result status="timeout" time="600.00"/></proof>
   <proof prover="1"><result status="valid" time="0.98" steps="4326"/></proof>
   </goal>
   <goal name="VC mul.1.4" expl="postcondition" proved="true">
   <proof prover="0"><result status="timeout" time="600.00"/></proof>
   <proof prover="1"><result status="valid" time="0.87" steps="3610"/></proof>
   </goal>
   <goal name="VC mul.1.5" expl="postcondition" proved="true">
   <proof prover="0"><result status="timeout" time="600.00"/></proof>
   <proof prover="1"><result status="valid" time="0.52" steps="2691"/></proof>
   </goal>
   <goal name="VC mul.1.6" expl="postcondition" proved="true">
   <proof prover="0"><result status="timeout" time="600.00"/></proof>
   <proof prover="1"><result status="valid" time="0.85" steps="3541"/></proof>
   </goal>
   <goal name="VC mul.1.7" expl="postcondition" proved="true">
   <proof prover="0"><result status="timeout" time="600.00"/></proof>
   <proof prover="1"><result status="valid" time="1.07" steps="4251"/></proof>
   </goal>
   <goal name="VC mul.1.8" expl="postcondition" proved="true">
   <proof prover="0"><result status="timeout" time="600.00"/></proof>
   <proof prover="1"><result status="valid" time="0.91" steps="4156"/></proof>
   </goal>
   <goal name="VC mul.1.9" expl="postcondition" proved="true">
   <proof prover="0"><result status="timeout" time="600.00"/></proof>
   <proof prover="1"><result status="valid" time="0.51" steps="2428"/></proof>
   </goal>
   <goal name="VC mul.1.10" expl="postcondition" proved="true">
   <proof prover="0"><result status="timeout" time="600.00"/></proof>
   <proof prover="1"><result status="valid" time="0.89" steps="3930"/></proof>
   </goal>
   <goal name="VC mul.1.11" expl="postcondition" proved="true">
   <proof prover="0"><result status="timeout" time="600.00"/></proof>
   <proof prover="1"><result status="valid" time="0.90" steps="4104"/></proof>
   </goal>
   <goal name="VC mul.1.12" expl="postcondition" proved="true">
   <proof prover="0"><result status="timeout" time="600.00"/></proof>
   <proof prover="1"><result status="valid" time="2.16" steps="7836"/></proof>
   <transf name="split_vc" proved="true" >
    <goal name="VC mul.1.12.0" expl="postcondition" proved="true">
    <proof prover="0"><result status="timeout" time="600.00"/></proof>
    <proof prover="1"><result status="valid" time="1.64" steps="6136"/></proof>
    <transf name="split_vc" proved="true" >
     <goal name="VC mul.1.12.0.0" expl="postcondition" proved="true">
     <proof prover="0"><result status="timeout" time="600.00"/></proof>
     <proof prover="1"><result status="valid" time="1.28" steps="5348"/></proof>
     </goal>
     <goal name="VC mul.1.12.0.1" expl="postcondition" proved="true">
     <proof prover="0"><result status="timeout" time="600.00"/></proof>
     <proof prover="1"><result status="valid" time="1.30" steps="5803"/></proof>
     </goal>
    </transf>
    </goal>
    <goal name="VC mul.1.12.1" expl="postcondition" proved="true">
    <proof prover="0"><result status="timeout" time="600.00"/></proof>
    <proof prover="1"><result status="valid" time="2.02" steps="7674"/></proof>
    <transf name="split_vc" proved="true" >
     <goal name="VC mul.1.12.1.0" expl="postcondition" proved="true">
     <proof prover="0"><result status="timeout" time="600.00"/></proof>
     <proof prover="1"><result status="valid" time="1.48" steps="6111"/></proof>
     </goal>
     <goal name="VC mul.1.12.1.1" expl="postcondition" proved="true">
     <proof prover="0"><result status="timeout" time="600.00"/></proof>
     <proof prover="1"><result status="valid" time="1.32" steps="5463"/></proof>
     </goal>
    </transf>
    </goal>
   </transf>
   </goal>
  </transf>
  </goal>
  <goal name="VC mul.2" expl="postcondition" proved="true">
  <proof prover="0"><result status="valid" time="2.01"/></proof>
  <proof prover="1"><result status="valid" time="0.52" steps="1527"/></proof>
  <transf name="split_vc" proved="true" >
   <goal name="VC mul.2.0" expl="postcondition" proved="true">
   <proof prover="0"><result status="valid" time="1.32"/></proof>
   <proof prover="1"><result status="valid" time="0.42" steps="1615"/></proof>
   <transf name="split_vc" proved="true" >
    <goal name="VC mul.2.0.0" expl="postcondition" proved="true">
    <proof prover="0"><result status="valid" time="0.02"/></proof>
    <proof prover="1"><result status="valid" time="0.19" steps="507"/></proof>
    </goal>
    <goal name="VC mul.2.0.1" expl="postcondition" proved="true">
    <proof prover="0"><result status="valid" time="0.02"/></proof>
    <proof prover="1"><result status="valid" time="0.20" steps="537"/></proof>
    </goal>
    <goal name="VC mul.2.0.2" expl="postcondition" proved="true">
    <proof prover="0"><result status="valid" time="229.94"/></proof>
    <proof prover="1"><result status="valid" time="0.14" steps="548"/></proof>
    </goal>
    <goal name="VC mul.2.0.3" expl="postcondition" proved="true">
    <proof prover="0"><result status="valid" time="77.51"/></proof>
    <proof prover="1"><result status="valid" time="0.20" steps="546"/></proof>
    </goal>
    <goal name="VC mul.2.0.4" expl="postcondition" proved="true">
    <proof prover="0"><result status="valid" time="140.76"/></proof>
    <proof prover="1"><result status="valid" time="0.19" steps="535"/></proof>
    </goal>
    <goal name="VC mul.2.0.5" expl="postcondition" proved="true">
    <proof prover="0"><result status="valid" time="0.01"/></proof>
    <proof prover="1"><result status="valid" time="0.21" steps="534"/></proof>
    </goal>
    <goal name="VC mul.2.0.6" expl="postcondition" proved="true">
    <proof prover="0"><result status="valid" time="37.87"/></proof>
    <proof prover="1"><result status="valid" time="0.14" steps="546"/></proof>
    </goal>
    <goal name="VC mul.2.0.7" expl="postcondition" proved="true">
    <proof prover="0"><result status="valid" time="190.19"/></proof>
    <proof prover="1"><result status="valid" time="0.19" steps="544"/></proof>
    </goal>
    <goal name="VC mul.2.0.8" expl="postcondition" proved="true">
    <proof prover="0"><result status="valid" time="14.07"/></proof>
    <proof prover="1"><result status="valid" time="0.15" steps="534"/></proof>
    </goal>
    <goal name="VC mul.2.0.9" expl="postcondition" proved="true">
    <proof prover="0"><result status="valid" time="0.02"/></proof>
    <proof prover="1"><result status="valid" time="0.18" steps="523"/></proof>
    </goal>
    <goal name="VC mul.2.0.10" expl="postcondition" proved="true">
    <proof prover="0"><result status="valid" time="12.81"/></proof>
    <proof prover="1"><result status="valid" time="0.14" steps="535"/></proof>
    </goal>
    <goal name="VC mul.2.0.11" expl="postcondition" proved="true">
    <proof prover="0"><result status="valid" time="20.52"/></proof>
    <proof prover="1"><result status="valid" time="0.18" steps="534"/></proof>
    </goal>
    <goal name="VC mul.2.0.12" expl="postcondition" proved="true">
    <proof prover="0"><result status="valid" time="0.70"/></proof>
    <proof prover="1"><result status="valid" time="0.18" steps="548"/></proof>
    <transf name="split_vc" proved="true" >
     <goal name="VC mul.2.0.12.0" expl="postcondition" proved="true">
     <proof prover="0"><result status="valid" time="0.53"/></proof>
     <proof prover="1"><result status="valid" time="0.20" steps="544"/></proof>
     <transf name="split_vc" proved="true" >
      <goal name="VC mul.2.0.12.0.0" expl="postcondition" proved="true">
      <proof prover="0"><result status="valid" time="0.52"/></proof>
      <proof prover="1"><result status="valid" time="0.18" steps="548"/></proof>
      </goal>
      <goal name="VC mul.2.0.12.0.1" expl="postcondition" proved="true">
      <proof prover="0"><result status="valid" time="0.54"/></proof>
      <proof prover="1"><result status="valid" time="0.18" steps="545"/></proof>
      </goal>
     </transf>
     </goal>
     <goal name="VC mul.2.0.12.1" expl="postcondition" proved="true">
     <proof prover="0"><result status="valid" time="31.08"/></proof>
     <proof prover="1"><result status="valid" time="0.19" steps="542"/></proof>
     <transf name="split_vc" proved="true" >
      <goal name="VC mul.2.0.12.1.0" expl="postcondition" proved="true">
      <proof prover="0"><result status="valid" time="0.52"/></proof>
      <proof prover="1"><result status="valid" time="0.18" steps="546"/></proof>
      </goal>
      <goal name="VC mul.2.0.12.1.1" expl="postcondition" proved="true">
      <proof prover="0"><result status="valid" time="48.87"/></proof>
      <proof prover="1"><result status="valid" time="0.19" steps="543"/></proof>
      </goal>
     </transf>
     </goal>
    </transf>
    </goal>
   </transf>
   </goal>
   <goal name="VC mul.2.1" expl="postcondition" proved="true">
   <proof prover="0"><result status="valid" time="1.44"/></proof>
   <proof prover="1"><result status="valid" time="0.41" steps="1442"/></proof>
   <transf name="split_vc" proved="true" >
    <goal name="VC mul.2.1.0" expl="postcondition" proved="true">
    <proof prover="0"><result status="valid" time="0.03"/></proof>
    <proof prover="1"><result status="valid" time="0.04" steps="177"/></proof>
    </goal>
    <goal name="VC mul.2.1.1" expl="postcondition" proved="true">
    <proof prover="0"><result status="valid" time="0.03"/></proof>
    <proof prover="1"><result status="valid" time="0.05" steps="181"/></proof>
    </goal>
    <goal name="VC mul.2.1.2" expl="postcondition" proved="true">
    <proof prover="0"><result status="valid" time="191.22"/></proof>
    <proof prover="1"><result status="valid" time="0.19" steps="548"/></proof>
    </goal>
    <goal name="VC mul.2.1.3" expl="postcondition" proved="true">
    <proof prover="0"><result status="valid" time="133.79"/></proof>
    <proof prover="1"><result status="valid" time="0.20" steps="546"/></proof>
    </goal>
    <goal name="VC mul.2.1.4" expl="postcondition" proved="true">
    <proof prover="0"><result status="valid" time="146.00"/></proof>
    <proof prover="1"><result status="valid" time="0.20" steps="535"/></proof>
    </goal>
    <goal name="VC mul.2.1.5" expl="postcondition" proved="true">
    <proof prover="0"><result status="valid" time="0.03"/></proof>
    <proof prover="1"><result status="valid" time="0.06" steps="181"/></proof>
    </goal>
    <goal name="VC mul.2.1.6" expl="postcondition" proved="true">
    <proof prover="0"><result status="valid" time="42.08"/></proof>
    <proof prover="1"><result status="valid" time="0.20" steps="546"/></proof>
    </goal>
    <goal name="VC mul.2.1.7" expl="postcondition" proved="true">
    <proof prover="0"><result status="valid" time="185.22"/></proof>
    <proof prover="1"><result status="valid" time="0.18" steps="544"/></proof>
    </goal>
    <goal name="VC mul.2.1.8" expl="postcondition" proved="true">
    <proof prover="0"><result status="valid" time="16.30"/></proof>
    <proof prover="1"><result status="valid" time="0.20" steps="534"/></proof>
    </goal>
    <goal name="VC mul.2.1.9" expl="postcondition" proved="true">
    <proof prover="0"><result status="valid" time="0.04"/></proof>
    <proof prover="1"><result status="valid" time="0.04" steps="181"/></proof>
    </goal>
    <goal name="VC mul.2.1.10" expl="postcondition" proved="true">
    <proof prover="0"><result status="valid" time="14.58"/></proof>
    <proof prover="1"><result status="valid" time="0.19" steps="535"/></proof>
    </goal>
    <goal name="VC mul.2.1.11" expl="postcondition" proved="true">
    <proof prover="0"><result status="valid" time="23.31"/></proof>
    <proof prover="1"><result status="valid" time="0.22" steps="534"/></proof>
    </goal>
    <goal name="VC mul.2.1.12" expl="postcondition" proved="true">
    <proof prover="0"><result status="valid" time="0.76"/></proof>
    <proof prover="1"><result status="valid" time="0.18" steps="548"/></proof>
    <transf name="split_vc" proved="true" >
     <goal name="VC mul.2.1.12.0" expl="postcondition" proved="true">
     <proof prover="0"><result status="valid" time="0.54"/></proof>
     <proof prover="1"><result status="valid" time="0.20" steps="544"/></proof>
     <transf name="split_vc" proved="true" >
      <goal name="VC mul.2.1.12.0.0" expl="postcondition" proved="true">
      <proof prover="0"><result status="valid" time="0.52"/></proof>
      <proof prover="1"><result status="valid" time="0.20" steps="548"/></proof>
      </goal>
      <goal name="VC mul.2.1.12.0.1" expl="postcondition" proved="true">
      <proof prover="0"><result status="valid" time="0.53"/></proof>
      <proof prover="1"><result status="valid" time="0.19" steps="546"/></proof>
      </goal>
     </transf>
     </goal>
     <goal name="VC mul.2.1.12.1" expl="postcondition" proved="true">
     <proof prover="0"><result status="valid" time="31.75"/></proof>
     <proof prover="1"><result status="valid" time="0.20" steps="545"/></proof>
     <transf name="split_vc" proved="true" >
      <goal name="VC mul.2.1.12.1.0" expl="postcondition" proved="true">
      <proof prover="0"><result status="valid" time="0.48"/></proof>
      <proof prover="1"><result status="valid" time="0.20" steps="545"/></proof>
      </goal>
      <goal name="VC mul.2.1.12.1.1" expl="postcondition" proved="true">
      <proof prover="0"><result status="valid" time="50.77"/></proof>
      <proof prover="1"><result status="valid" time="0.18" steps="543"/></proof>
      </goal>
     </transf>
     </goal>
    </transf>
    </goal>
   </transf>
   </goal>
  </transf>
  </goal>
  <goal name="VC mul.3" expl="postcondition" proved="true">
  <proof prover="0"><result status="timeout" time="600.00"/></proof>
  <proof prover="1"><result status="valid" time="198.74" steps="196997"/></proof>
  <transf name="split_vc" proved="true" >
   <goal name="VC mul.3.0" expl="postcondition" proved="true">
   <proof prover="0"><result status="valid" time="21.58"/></proof>
   <proof prover="1"><result status="valid" time="1.71" steps="5876"/></proof>
   </goal>
   <goal name="VC mul.3.1" expl="postcondition" proved="true">
   <proof prover="0"><result status="valid" time="5.24"/></proof>
   <proof prover="1"><result status="valid" time="1.54" steps="5527"/></proof>
   </goal>
   <goal name="VC mul.3.2" expl="postcondition" proved="true">
   <proof prover="0"><result status="timeout" time="600.00"/></proof>
   <proof prover="1"><result status="valid" time="39.36" steps="85871"/></proof>
   </goal>
   <goal name="VC mul.3.3" expl="postcondition" proved="true">
   <proof prover="0"><result status="timeout" time="600.00"/></proof>
   <proof prover="1"><result status="valid" time="23.65" steps="23856"/></proof>
   </goal>
   <goal name="VC mul.3.4" expl="postcondition" proved="true">
   <proof prover="0"><result status="timeout" time="600.00"/></proof>
   <proof prover="1"><result status="valid" time="4.82" steps="13902"/></proof>
   </goal>
   <goal name="VC mul.3.5" expl="postcondition" proved="true">
   <proof prover="0"><result status="valid" time="4.89"/></proof>
   <proof prover="1"><result status="valid" time="1.49" steps="5588"/></proof>
   </goal>
   <goal name="VC mul.3.6" expl="postcondition" proved="true">
   <proof prover="0"><result status="timeout" time="600.00"/></proof>
   <proof prover="1"><result status="valid" time="16.18" steps="24035"/></proof>
   </goal>
   <goal name="VC mul.3.7" expl="postcondition" proved="true">
   <proof prover="0"><result status="timeout" time="600.00"/></proof>
   <proof prover="1"><result status="valid" time="29.02" steps="51798"/></proof>
   </goal>
   <goal name="VC mul.3.8" expl="postcondition" proved="true">
   <proof prover="0"><result status="timeout" time="600.00"/></proof>
   <proof prover="1"><result status="valid" time="5.31" steps="15272"/></proof>
   </goal>
   <goal name="VC mul.3.9" expl="postcondition" proved="true">
   <proof prover="0"><result status="valid" time="12.96"/></proof>
   <proof prover="1"><result status="valid" time="1.23" steps="4622"/></proof>
   </goal>
   <goal name="VC mul.3.10" expl="postcondition" proved="true">
   <proof prover="0"><result status="timeout" time="600.00"/></proof>
   <proof prover="1"><result status="valid" time="5.45" steps="14607"/></proof>
   </goal>
   <goal name="VC mul.3.11" expl="postcondition" proved="true">
   <proof prover="0"><result status="timeout" time="600.00"/></proof>
   <proof prover="1"><result status="valid" time="7.61" steps="15942"/></proof>
   </goal>
   <goal name="VC mul.3.12" expl="postcondition" proved="true">
   <proof prover="0"><result status="timeout" time="600.00"/></proof>
   <proof prover="1"><result status="valid" time="2.73" steps="7987"/></proof>
   <transf name="split_vc" proved="true" >
    <goal name="VC mul.3.12.0" expl="postcondition" proved="true">
    <transf name="split_vc" proved="true" >
     <goal name="VC mul.3.12.0.0" expl="postcondition" proved="true">
     <proof prover="0"><result status="timeout" time="600.00"/></proof>
     <proof prover="1"><result status="valid" time="1.87" steps="5486"/></proof>
     </goal>
     <goal name="VC mul.3.12.0.1" expl="postcondition" proved="true">
     <proof prover="0"><result status="timeout" time="600.00"/></proof>
     <proof prover="1"><result status="valid" time="1.83" steps="7445"/></proof>
     </goal>
    </transf>
    </goal>
    <goal name="VC mul.3.12.1" expl="postcondition" proved="true">
    <transf name="split_vc" proved="true" >
     <goal name="VC mul.3.12.1.0" expl="postcondition" proved="true">
     <proof prover="0"><result status="valid" time="46.32"/></proof>
     <proof prover="1"><result status="valid" time="1.36" steps="4783"/></proof>
     </goal>
     <goal name="VC mul.3.12.1.1" expl="postcondition" proved="true">
     <proof prover="0"><result status="timeout" time="600.00"/></proof>
     <proof prover="1"><result status="valid" time="2.40" steps="9087"/></proof>
     </goal>
    </transf>
    </goal>
   </transf>
   </goal>
  </transf>
  </goal>
  <goal name="VC mul.4" expl="postcondition" proved="true">
  <proof prover="0"><result status="timeout" time="600.00"/></proof>
  <proof prover="1"><result status="valid" time="166.69" steps="200467"/></proof>
  <transf name="split_vc" proved="true" >
   <goal name="VC mul.4.0" expl="postcondition" proved="true">
   <proof prover="0"><result status="valid" time="5.33"/></proof>
   <proof prover="1"><result status="valid" time="3.02" steps="6544"/></proof>
   </goal>
   <goal name="VC mul.4.1" expl="postcondition" proved="true">
   <proof prover="0"><result status="valid" time="59.68"/></proof>
   <proof prover="1"><result status="valid" time="2.89" steps="6797"/></proof>
   </goal>
   <goal name="VC mul.4.2" expl="postcondition" proved="true">
   <proof prover="0"><result status="timeout" time="600.00"/></proof>
   <proof prover="1"><result status="valid" time="119.30" steps="87057"/></proof>
   </goal>
   <goal name="VC mul.4.3" expl="postcondition" proved="true">
   <proof prover="0"><result status="timeout" time="600.00"/></proof>
   <proof prover="1"><result status="valid" time="64.77" steps="93808"/></proof>
   </goal>
   <goal name="VC mul.4.4" expl="postcondition" proved="true">
   <proof prover="0"><result status="timeout" time="600.00"/></proof>
   <proof prover="1"><result status="valid" time="29.42" steps="45548"/></proof>
   </goal>
   <goal name="VC mul.4.5" expl="postcondition" proved="true">
   <proof prover="0"><result status="valid" time="4.84"/></proof>
   <proof prover="1"><result status="valid" time="2.70" steps="7080"/></proof>
   </goal>
   <goal name="VC mul.4.6" expl="postcondition" proved="true">
   <proof prover="0"><result status="timeout" time="600.00"/></proof>
   <proof prover="1"><result status="valid" time="31.43" steps="48619"/></proof>
   </goal>
   <goal name="VC mul.4.7" expl="postcondition" proved="true">
   <proof prover="0"><result status="timeout" time="600.00"/></proof>
   <proof prover="1"><result status="valid" time="32.55" steps="29512"/></proof>
   </goal>
   <goal name="VC mul.4.8" expl="postcondition" proved="true">
   <proof prover="0"><result status="timeout" time="600.00"/></proof>
   <proof prover="1"><result status="valid" time="8.74" steps="19337"/></proof>
   </goal>
   <goal name="VC mul.4.9" expl="postcondition" proved="true">
   <proof prover="0"><result status="valid" time="14.59"/></proof>
   <proof prover="1"><result status="valid" time="1.75" steps="5738"/></proof>
   </goal>
   <goal name="VC mul.4.10" expl="postcondition" proved="true">
   <proof prover="0"><result status="timeout" time="600.00"/></proof>
   <proof prover="1"><result status="valid" time="10.86" steps="22325"/></proof>
   </goal>
   <goal name="VC mul.4.11" expl="postcondition" proved="true">
   <proof prover="0"><result status="timeout" time="600.00"/></proof>
   <proof prover="1"><result status="valid" time="15.53" steps="26040"/></proof>
   </goal>
   <goal name="VC mul.4.12" expl="postcondition" proved="true">
   <proof prover="0"><result status="valid" time="141.98"/></proof>
   <proof prover="1"><result status="valid" time="4.04" steps="13050"/></proof>
   <transf name="split_vc" proved="true" >
    <goal name="VC mul.4.12.0" expl="postcondition" proved="true">
    <proof prover="0"><result status="timeout" time="600.00"/></proof>
    <proof prover="1"><result status="valid" time="3.01" steps="11831"/></proof>
    <transf name="split_vc" proved="true" >
     <goal name="VC mul.4.12.0.0" expl="postcondition" proved="true">
     <proof prover="0"><result status="timeout" time="600.00"/></proof>
     <proof prover="1"><result status="valid" time="1.96" steps="6185"/></proof>
     </goal>
     <goal name="VC mul.4.12.0.1" expl="postcondition" proved="true">
     <proof prover="0"><result status="timeout" time="600.00"/></proof>
     <proof prover="1"><result status="valid" time="3.13" steps="9085"/></proof>
     </goal>
    </transf>
    </goal>
    <goal name="VC mul.4.12.1" expl="postcondition" proved="true">
    <proof prover="0"><result status="timeout" time="600.00"/></proof>
    <proof prover="1"><result status="valid" time="3.03" steps="11492"/></proof>
    <transf name="split_vc" proved="true" >
     <goal name="VC mul.4.12.1.0" expl="postcondition" proved="true">
     <proof prover="0"><result status="valid" time="6.25"/></proof>
     <proof prover="1"><result status="valid" time="2.68" steps="8774"/></proof>
     </goal>
     <goal name="VC mul.4.12.1.1" expl="postcondition" proved="true">
     <proof prover="0"><result status="timeout" time="600.00"/></proof>
     <proof prover="1"><result status="valid" time="2.02" steps="7406"/></proof>
     </goal>
    </transf>
    </goal>
   </transf>
   </goal>
  </transf>
  </goal>
 </transf>
 </goal>
</theory>
</file>
</why3session>
