<?xml version="1.0" encoding="UTF-8"?>
<!DOCTYPE why3session PUBLIC "-//Why3//proof session v5//EN"
"http://why3.lri.fr/why3session.dtd">
<why3session shape_version="5">
<prover id="0" name="Z3" version="4.7.1" timelimit="600" steplimit="0" memlimit="4000"/>
<prover id="1" name="Alt-Ergo" version="2.2.0" timelimit="600" steplimit="0" memlimit="4000"/>
<file name="../mul.mlw" proved="true">
<theory name="Mul" proved="true">
 <goal name="mul_down_positive_finite" proved="true">
 <proof prover="1"><result status="valid" time="0.15" steps="435"/></proof>
 <transf name="split_vc" proved="true" >
  <goal name="mul_down_positive_finite.0" proved="true">
  <proof prover="0"><result status="timeout" time="600.00"/></proof>
  <proof prover="1"><result status="valid" time="0.13" steps="168"/></proof>
  </goal>
  <goal name="mul_down_positive_finite.1" proved="true">
  <proof prover="0"><result status="timeout" time="600.00"/></proof>
  <proof prover="1"><result status="valid" time="0.13" steps="168"/></proof>
  </goal>
 </transf>
 </goal>
 <goal name="mul_up_negative_finite" proved="true">
 <proof prover="1"><result status="valid" time="0.12" steps="435"/></proof>
 <transf name="split_vc" proved="true" >
  <goal name="mul_up_negative_finite.0" proved="true">
  <proof prover="0"><result status="timeout" time="600.00"/></proof>
  <proof prover="1"><result status="valid" time="0.13" steps="168"/></proof>
  </goal>
  <goal name="mul_up_negative_finite.1" proved="true">
  <proof prover="0"><result status="timeout" time="600.00"/></proof>
  <proof prover="1"><result status="valid" time="0.13" steps="168"/></proof>
  </goal>
 </transf>
 </goal>
 <goal name="VC mul" expl="VC for mul" proved="true">
 <proof prover="1"><result status="valid" time="168.35" steps="322334"/></proof>
 <transf name="split_vc" proved="true" >
  <goal name="VC mul.0" expl="postcondition" proved="true">
  <proof prover="0"><result status="timeout" time="600.00"/></proof>
  <proof prover="1"><result status="valid" time="207.94" steps="98098"/></proof>
  <transf name="split_vc" proved="true" >
   <goal name="VC mul.0.0" expl="postcondition" proved="true">
   <proof prover="0"><result status="valid" time="0.04"/></proof>
   <proof prover="1"><result status="valid" time="0.06" steps="172"/></proof>
   </goal>
   <goal name="VC mul.0.1" expl="postcondition" proved="true">
   <proof prover="0"><result status="valid" time="0.03"/></proof>
   <proof prover="1"><result status="valid" time="0.05" steps="176"/></proof>
   </goal>
   <goal name="VC mul.0.2" expl="postcondition" proved="true">
   <proof prover="0"><result status="timeout" time="600.00"/></proof>
   <proof prover="1"><result status="valid" time="49.14" steps="51352"/></proof>
   </goal>
   <goal name="VC mul.0.3" expl="postcondition" proved="true">
   <proof prover="0"><result status="timeout" time="600.00"/></proof>
   <proof prover="1"><result status="valid" time="9.22" steps="17319"/></proof>
   </goal>
   <goal name="VC mul.0.4" expl="postcondition" proved="true">
   <proof prover="0"><result status="timeout" time="600.00"/></proof>
   <proof prover="1"><result status="valid" time="6.17" steps="13233"/></proof>
   </goal>
   <goal name="VC mul.0.5" expl="postcondition" proved="true">
   <proof prover="0"><result status="valid" time="0.03"/></proof>
   <proof prover="1"><result status="valid" time="0.06" steps="176"/></proof>
   </goal>
   <goal name="VC mul.0.6" expl="postcondition" proved="true">
   <proof prover="0"><result status="timeout" time="600.00"/></proof>
   <proof prover="1"><result status="valid" time="14.84" steps="26438"/></proof>
   </goal>
   <goal name="VC mul.0.7" expl="postcondition" proved="true">
   <proof prover="0"><result status="timeout" time="600.00"/></proof>
   <proof prover="1"><result status="valid" time="16.43" steps="21069"/></proof>
   </goal>
   <goal name="VC mul.0.8" expl="postcondition" proved="true">
   <proof prover="0"><result status="timeout" time="600.00"/></proof>
   <proof prover="1"><result status="valid" time="6.38" steps="14899"/></proof>
   </goal>
   <goal name="VC mul.0.9" expl="postcondition" proved="true">
   <proof prover="0"><result status="valid" time="0.03"/></proof>
   <proof prover="1"><result status="valid" time="0.04" steps="176"/></proof>
   </goal>
   <goal name="VC mul.0.10" expl="postcondition" proved="true">
   <proof prover="0"><result status="timeout" time="600.00"/></proof>
   <proof prover="1"><result status="valid" time="8.20" steps="16539"/></proof>
   </goal>
   <goal name="VC mul.0.11" expl="postcondition" proved="true">
   <proof prover="0"><result status="timeout" time="600.00"/></proof>
   <proof prover="1"><result status="valid" time="6.22" steps="15595"/></proof>
   </goal>
   <goal name="VC mul.0.12" expl="postcondition" proved="true">
   <proof prover="0"><result status="timeout" time="600.00"/></proof>
   <proof prover="1"><result status="valid" time="14.13" steps="22284"/></proof>
   </goal>
  </transf>
  </goal>
  <goal name="VC mul.1" expl="postcondition" proved="true">
  <proof prover="0"><result status="timeout" time="600.00"/></proof>
  <proof prover="1"><result status="valid" time="4.25" steps="19107"/></proof>
  <transf name="split_vc" proved="true" >
   <goal name="VC mul.1.0" expl="postcondition" proved="true">
   <proof prover="0"><result status="timeout" time="600.00"/></proof>
   <proof prover="1"><result status="valid" time="0.50" steps="2403"/></proof>
   </goal>
   <goal name="VC mul.1.1" expl="postcondition" proved="true">
   <proof prover="0"><result status="timeout" time="600.00"/></proof>
   <proof prover="1"><result status="valid" time="0.49" steps="2615"/></proof>
   </goal>
   <goal name="VC mul.1.2" expl="postcondition" proved="true">
   <proof prover="0"><result status="timeout" time="600.00"/></proof>
   <proof prover="1"><result status="valid" time="0.93" steps="3920"/></proof>
   </goal>
   <goal name="VC mul.1.3" expl="postcondition" proved="true">
   <proof prover="0"><result status="timeout" time="600.00"/></proof>
   <proof prover="1"><result status="valid" time="0.98" steps="4299"/></proof>
   </goal>
   <goal name="VC mul.1.4" expl="postcondition" proved="true">
   <proof prover="0"><result status="timeout" time="600.00"/></proof>
   <proof prover="1"><result status="valid" time="0.89" steps="3750"/></proof>
   </goal>
   <goal name="VC mul.1.5" expl="postcondition" proved="true">
   <proof prover="0"><result status="timeout" time="600.00"/></proof>
   <proof prover="1"><result status="valid" time="0.58" steps="2683"/></proof>
   </goal>
   <goal name="VC mul.1.6" expl="postcondition" proved="true">
   <proof prover="0"><result status="timeout" time="600.00"/></proof>
   <proof prover="1"><result status="valid" time="0.78" steps="3402"/></proof>
   </goal>
   <goal name="VC mul.1.7" expl="postcondition" proved="true">
   <proof prover="0"><result status="timeout" time="600.00"/></proof>
   <proof prover="1"><result status="valid" time="1.04" steps="4187"/></proof>
   </goal>
   <goal name="VC mul.1.8" expl="postcondition" proved="true">
   <proof prover="0"><result status="timeout" time="600.00"/></proof>
   <proof prover="1"><result status="valid" time="0.93" steps="4208"/></proof>
   </goal>
   <goal name="VC mul.1.9" expl="postcondition" proved="true">
   <proof prover="0"><result status="timeout" time="600.00"/></proof>
   <proof prover="1"><result status="valid" time="0.51" steps="2416"/></proof>
   </goal>
   <goal name="VC mul.1.10" expl="postcondition" proved="true">
   <proof prover="0"><result status="timeout" time="600.00"/></proof>
   <proof prover="1"><result status="valid" time="0.95" steps="3880"/></proof>
   </goal>
   <goal name="VC mul.1.11" expl="postcondition" proved="true">
   <proof prover="0"><result status="timeout" time="600.00"/></proof>
   <proof prover="1"><result status="valid" time="0.89" steps="3886"/></proof>
   </goal>
   <goal name="VC mul.1.12" expl="postcondition" proved="true">
   <proof prover="0"><result status="timeout" time="600.00"/></proof>
   <proof prover="1"><result status="valid" time="1.80" steps="7487"/></proof>
   </goal>
  </transf>
  </goal>
  <goal name="VC mul.2" expl="postcondition" proved="true">
  <proof prover="0"><result status="valid" time="2.57"/></proof>
  <proof prover="1"><result status="valid" time="0.52" steps="2507"/></proof>
  <transf name="split_vc" proved="true" >
   <goal name="VC mul.2.0" expl="postcondition" proved="true">
   <transf name="split_vc" proved="true" >
    <goal name="VC mul.2.0.0" expl="postcondition" proved="true">
    <proof prover="0"><result status="valid" time="0.03"/></proof>
    <proof prover="1"><result status="valid" time="0.14" steps="492"/></proof>
    </goal>
    <goal name="VC mul.2.0.1" expl="postcondition" proved="true">
    <proof prover="0"><result status="valid" time="0.03"/></proof>
    <proof prover="1"><result status="valid" time="0.15" steps="523"/></proof>
    </goal>
    <goal name="VC mul.2.0.2" expl="postcondition" proved="true">
    <proof prover="0"><result status="valid" time="0.98"/></proof>
    <proof prover="1"><result status="valid" time="0.21" steps="852"/></proof>
    </goal>
    <goal name="VC mul.2.0.3" expl="postcondition" proved="true">
    <proof prover="0"><result status="valid" time="1.12"/></proof>
    <proof prover="1"><result status="valid" time="0.20" steps="838"/></proof>
    </goal>
    <goal name="VC mul.2.0.4" expl="postcondition" proved="true">
    <proof prover="0"><result status="valid" time="1.05"/></proof>
    <proof prover="1"><result status="valid" time="0.19" steps="791"/></proof>
    </goal>
    <goal name="VC mul.2.0.5" expl="postcondition" proved="true">
    <proof prover="0"><result status="valid" time="0.04"/></proof>
    <proof prover="1"><result status="valid" time="0.14" steps="519"/></proof>
    </goal>
    <goal name="VC mul.2.0.6" expl="postcondition" proved="true">
    <proof prover="0"><result status="valid" time="1.09"/></proof>
    <proof prover="1"><result status="valid" time="0.18" steps="838"/></proof>
    </goal>
    <goal name="VC mul.2.0.7" expl="postcondition" proved="true">
    <proof prover="0"><result status="valid" time="0.87"/></proof>
    <proof prover="1"><result status="valid" time="0.20" steps="831"/></proof>
    </goal>
    <goal name="VC mul.2.0.8" expl="postcondition" proved="true">
    <proof prover="0"><result status="valid" time="0.87"/></proof>
    <proof prover="1"><result status="valid" time="0.20" steps="783"/></proof>
    </goal>
    <goal name="VC mul.2.0.9" expl="postcondition" proved="true">
    <proof prover="0"><result status="valid" time="0.03"/></proof>
    <proof prover="1"><result status="valid" time="0.14" steps="508"/></proof>
    </goal>
    <goal name="VC mul.2.0.10" expl="postcondition" proved="true">
    <proof prover="0"><result status="valid" time="1.00"/></proof>
    <proof prover="1"><result status="valid" time="0.19" steps="791"/></proof>
    </goal>
    <goal name="VC mul.2.0.11" expl="postcondition" proved="true">
    <proof prover="0"><result status="valid" time="1.13"/></proof>
    <proof prover="1"><result status="valid" time="0.18" steps="789"/></proof>
    </goal>
    <goal name="VC mul.2.0.12" expl="postcondition" proved="true">
    <proof prover="0"><result status="valid" time="1.17"/></proof>
    <proof prover="1"><result status="valid" time="0.18" steps="783"/></proof>
    </goal>
   </transf>
   </goal>
   <goal name="VC mul.2.1" expl="postcondition" proved="true">
   <transf name="split_vc" proved="true" >
    <goal name="VC mul.2.1.0" expl="postcondition" proved="true">
    <proof prover="0"><result status="valid" time="0.03"/></proof>
    <proof prover="1"><result status="valid" time="0.06" steps="175"/></proof>
    </goal>
    <goal name="VC mul.2.1.1" expl="postcondition" proved="true">
    <proof prover="0"><result status="valid" time="0.03"/></proof>
    <proof prover="1"><result status="valid" time="0.05" steps="179"/></proof>
    </goal>
    <goal name="VC mul.2.1.2" expl="postcondition" proved="true">
    <proof prover="0"><result status="valid" time="0.87"/></proof>
    <proof prover="1"><result status="valid" time="0.20" steps="852"/></proof>
    </goal>
    <goal name="VC mul.2.1.3" expl="postcondition" proved="true">
    <proof prover="0"><result status="valid" time="1.08"/></proof>
    <proof prover="1"><result status="valid" time="0.18" steps="838"/></proof>
    </goal>
    <goal name="VC mul.2.1.4" expl="postcondition" proved="true">
    <proof prover="0"><result status="valid" time="1.07"/></proof>
    <proof prover="1"><result status="valid" time="0.20" steps="791"/></proof>
    </goal>
    <goal name="VC mul.2.1.5" expl="postcondition" proved="true">
    <proof prover="0"><result status="valid" time="0.04"/></proof>
    <proof prover="1"><result status="valid" time="0.06" steps="179"/></proof>
    </goal>
    <goal name="VC mul.2.1.6" expl="postcondition" proved="true">
    <proof prover="0"><result status="valid" time="1.08"/></proof>
    <proof prover="1"><result status="valid" time="0.20" steps="842"/></proof>
    </goal>
    <goal name="VC mul.2.1.7" expl="postcondition" proved="true">
    <proof prover="0"><result status="valid" time="0.86"/></proof>
    <proof prover="1"><result status="valid" time="0.20" steps="827"/></proof>
    </goal>
    <goal name="VC mul.2.1.8" expl="postcondition" proved="true">
    <proof prover="0"><result status="valid" time="0.86"/></proof>
    <proof prover="1"><result status="valid" time="0.18" steps="783"/></proof>
    </goal>
    <goal name="VC mul.2.1.9" expl="postcondition" proved="true">
    <proof prover="0"><result status="valid" time="0.03"/></proof>
    <proof prover="1"><result status="valid" time="0.04" steps="179"/></proof>
    </goal>
    <goal name="VC mul.2.1.10" expl="postcondition" proved="true">
    <proof prover="0"><result status="valid" time="0.94"/></proof>
    <proof prover="1"><result status="valid" time="0.19" steps="795"/></proof>
    </goal>
    <goal name="VC mul.2.1.11" expl="postcondition" proved="true">
    <proof prover="0"><result status="valid" time="1.02"/></proof>
    <proof prover="1"><result status="valid" time="0.18" steps="785"/></proof>
    </goal>
    <goal name="VC mul.2.1.12" expl="postcondition" proved="true">
    <proof prover="0"><result status="valid" time="1.16"/></proof>
    <proof prover="1"><result status="valid" time="0.22" steps="1101"/></proof>
    </goal>
   </transf>
   </goal>
  </transf>
  </goal>
  <goal name="VC mul.3" expl="postcondition" proved="true">
  <proof prover="0"><result status="timeout" time="600.00"/></proof>
  <proof prover="1"><result status="valid" time="81.62" steps="117869"/></proof>
  <transf name="split_vc" proved="true" >
   <goal name="VC mul.3.0" expl="postcondition" proved="true">
   <proof prover="0"><result status="valid" time="2.14"/></proof>
   <proof prover="1"><result status="valid" time="1.29" steps="5356"/></proof>
   </goal>
   <goal name="VC mul.3.1" expl="postcondition" proved="true">
   <proof prover="0"><result status="valid" time="2.12"/></proof>
   <proof prover="1"><result status="valid" time="1.39" steps="5635"/></proof>
   </goal>
   <goal name="VC mul.3.2" expl="postcondition" proved="true">
   <proof prover="0"><result status="timeout" time="600.00"/></proof>
   <proof prover="1"><result status="valid" time="35.52" steps="56266"/></proof>
   </goal>
   <goal name="VC mul.3.3" expl="postcondition" proved="true">
   <proof prover="0"><result status="timeout" time="600.00"/></proof>
   <proof prover="1"><result status="valid" time="14.46" steps="21140"/></proof>
   </goal>
   <goal name="VC mul.3.4" expl="postcondition" proved="true">
   <proof prover="0"><result status="timeout" time="600.00"/></proof>
   <proof prover="1"><result status="valid" time="3.98" steps="13956"/></proof>
   </goal>
   <goal name="VC mul.3.5" expl="postcondition" proved="true">
   <proof prover="0"><result status="valid" time="2.30"/></proof>
   <proof prover="1"><result status="valid" time="1.03" steps="3285"/></proof>
   </goal>
   <goal name="VC mul.3.6" expl="postcondition" proved="true">
   <proof prover="0"><result status="timeout" time="600.00"/></proof>
   <proof prover="1"><result status="valid" time="577.81" steps="897312"/></proof>
   </goal>
   <goal name="VC mul.3.7" expl="postcondition" proved="true">
   <proof prover="0"><result status="timeout" time="600.00"/></proof>
   <proof prover="1"><result status="valid" time="58.32" steps="56381"/></proof>
   </goal>
   <goal name="VC mul.3.8" expl="postcondition" proved="true">
   <proof prover="0"><result status="timeout" time="600.00"/></proof>
   <proof prover="1"><result status="valid" time="16.30" steps="20814"/></proof>
   </goal>
   <goal name="VC mul.3.9" expl="postcondition" proved="true">
   <proof prover="0"><result status="valid" time="2.30"/></proof>
   <proof prover="1"><result status="valid" time="1.21" steps="4752"/></proof>
   </goal>
   <goal name="VC mul.3.10" expl="postcondition" proved="true">
   <proof prover="0"><result status="timeout" time="600.00"/></proof>
   <proof prover="1"><result status="valid" time="16.76" steps="20764"/></proof>
   </goal>
   <goal name="VC mul.3.11" expl="postcondition" proved="true">
   <proof prover="0"><result status="timeout" time="600.00"/></proof>
   <proof prover="1"><result status="valid" time="25.00" steps="21162"/></proof>
   </goal>
   <goal name="VC mul.3.12" expl="postcondition" proved="true">
   <proof prover="0"><result status="timeout" time="600.00"/></proof>
   <proof prover="1"><result status="valid" time="2.18" steps="7422"/></proof>
   </goal>
  </transf>
  </goal>
  <goal name="VC mul.4" expl="postcondition" proved="true">
  <proof prover="0"><result status="timeout" time="600.00"/></proof>
  <proof prover="1"><result status="valid" time="379.32" steps="177609"/></proof>
  <transf name="split_vc" proved="true" >
   <goal name="VC mul.4.0" expl="postcondition" proved="true">
   <proof prover="0"><result status="valid" time="4.72"/></proof>
   <proof prover="1"><result status="valid" time="1.92" steps="6619"/></proof>
   </goal>
   <goal name="VC mul.4.1" expl="postcondition" proved="true">
   <proof prover="0"><result status="valid" time="4.02"/></proof>
   <proof prover="1"><result status="valid" time="1.93" steps="7166"/></proof>
   </goal>
   <goal name="VC mul.4.2" expl="postcondition" proved="true">
   <proof prover="0"><result status="timeout" time="600.00"/></proof>
   <proof prover="1"><result status="valid" time="14.42" steps="23828"/></proof>
   </goal>
   <goal name="VC mul.4.3" expl="postcondition" proved="true">
   <proof prover="0"><result status="timeout" time="600.00"/></proof>
   <proof prover="1"><result status="valid" time="44.04" steps="58449"/></proof>
   </goal>
   <goal name="VC mul.4.4" expl="postcondition" proved="true">
   <proof prover="0"><result status="timeout" time="600.00"/></proof>
   <proof prover="1"><result status="valid" time="24.19" steps="25068"/></proof>
   </goal>
   <goal name="VC mul.4.5" expl="postcondition" proved="true">
   <proof prover="0"><result status="valid" time="3.85"/></proof>
   <proof prover="1"><result status="valid" time="2.56" steps="8259"/></proof>
   </goal>
   <goal name="VC mul.4.6" expl="postcondition" proved="true">
   <proof prover="0"><result status="timeout" time="600.00"/></proof>
   <proof prover="1"><result status="valid" time="29.86" steps="47771"/></proof>
   </goal>
   <goal name="VC mul.4.7" expl="postcondition" proved="true">
   <proof prover="0"><result status="timeout" time="600.00"/></proof>
   <proof prover="1"><result status="valid" time="28.76" steps="27477"/></proof>
   </goal>
   <goal name="VC mul.4.8" expl="postcondition" proved="true">
   <proof prover="0"><result status="timeout" time="600.00"/></proof>
   <proof prover="1"><result status="valid" time="24.15" steps="29729"/></proof>
   </goal>
   <goal name="VC mul.4.9" expl="postcondition" proved="true">
   <proof prover="0"><result status="valid" time="6.00"/></proof>
   <proof prover="1"><result status="valid" time="2.00" steps="7552"/></proof>
   </goal>
   <goal name="VC mul.4.10" expl="postcondition" proved="true">
   <proof prover="0"><result status="timeout" time="600.00"/></proof>
   <proof prover="1"><result status="valid" time="19.21" steps="24377"/></proof>
   </goal>
   <goal name="VC mul.4.11" expl="postcondition" proved="true">
   <proof prover="0"><result status="timeout" time="600.00"/></proof>
   <proof prover="1"><result status="valid" time="33.66" steps="27476"/></proof>
   </goal>
   <goal name="VC mul.4.12" expl="postcondition" proved="true">
   <proof prover="0"><result status="valid" time="21.73"/></proof>
   <proof prover="1"><result status="valid" time="2.30" steps="8028"/></proof>
   </goal>
  </transf>
  </goal>
 </transf>
 </goal>
</theory>
</file>
</why3session>
